,exchangeId,encodedCustNo,name,nickName,isAlwaysOn,jobCount,industryMean,mean,meanNonSupervisor,medianNonSupervisor
686,3308,ag8l9co,聯德電子股份有限公司,聯德,True,7,94.0,522.5,358.1,374.9
384,2454,12noppgo,聯發科技股份有限公司,聯發科,True,312,193.8,384.5,375.4,309.4
575,3034,12nopku0,聯詠科技股份有限公司,聯詠,True,206,193.8,378.4,371.2,302.8
1053,5274,cmna4ww,信驊科技股份有限公司,信驊,True,18,193.8,345.9,324.8,292.3
439,2540,a6zrewg,甲山林集團_愛山林建設開發股份有限公司,愛山林,True,58,105.5,552.6,365.9,281.7
728,3443,7hkiz4o,創意電子股份有限公司,創意,True,30,193.8,354.1,313.4,259.8
333,2379,aexwm9k,瑞昱半導體股份有限公司,瑞昱,True,281,193.8,316.7,314.9,259.3
1364,6526,5x2b0tk,聯發科技集團_達發科技股份有限公司,達發,True,74,193.8,281.3,280.4,234.7
556,3014,12nokh6w,聯陽半導體股份有限公司,聯陽,True,15,193.8,263.0,252.3,234.6
1513,8016,13ufx7i8,矽創電子股份有限公司,矽創,True,25,193.8,245.0,249.3,232.7
655,3227,7n30ibs,原相科技股份有限公司,原相,True,35,193.8,274.3,250.0,230.1
1350,6494,d3htb9s,九齊科技股份有限公司,九齊,True,1,193.8,165.5,245.9,226.5
762,3529,win519c,力旺電子股份有限公司,力旺,True,16,193.8,279.3,257.6,226.4
299,2330,a5h92m0,台灣積體電路製造股份有限公司(台積電),台積電,True,252,193.8,273.7,284.2,224.8
679,3293,asz1lzk,鈊象電子股份有限公司,鈊象,True,64,122.0,316.7,280.5,217.6
794,3592,10zv3t2o,瑞鼎科技股份有限公司,瑞鼎,True,85,193.8,260.7,255.6,213.9
1449,6732,1a2x6bjrvo,昇佳電子股份有限公司,昇佳電子,True,12,193.8,218.0,220.4,206.6
1051,5269,112fnt8g,祥碩科技股份有限公司,祥碩,True,10,193.8,344.2,262.1,205.4
1546,8081,12nokltk,致新科技股份有限公司,致新,True,19,193.8,237.0,225.0,204.4
1411,6643,omt3qew,M31 Technology Corporation_円星科技股份有限公司,M31,True,22,193.8,236.3,241.9,202.2
1045,5236,cwxdiw0,凌陽創新科技股份有限公司,凌陽創新,True,2,193.8,243.4,233.6,201.1
269,2207,1hrmizk,和泰汽車股份有限公司,和泰車,True,24,86.6,311.8,263.0,199.1
576,3035,12no6e8w,智原科技股份有限公司,智原,True,46,193.8,249.5,232.3,198.0
551,3006,7erjvpc,晶豪科技股份有限公司,晶豪科,True,51,193.8,205.2,212.4,197.0
445,2548,aqb94xc,華固建設股份有限公司,華固,True,4,105.5,367.1,207.3,196.0
1010,4961,12nofszc,天鈺科技股份有限公司,天鈺,True,48,193.8,240.0,242.6,194.6
1369,6533,cp2z8s0,晶心科技股份有限公司,晶心科,True,26,193.8,69.9,226.9,191.6
1381,6561,13ia78gw,是方電訊股份有限公司(中華電信關係企業),是方,True,12,101.1,194.6,204.2,188.1
337,2385,9mjl874,群光電子股份有限公司,群光,True,23,94.0,244.1,209.9,180.8
1597,8299,5t7gcns,Phison Electronics Corp_群聯電子股份有限公司,群聯,True,273,193.8,216.6,202.0,178.4
292,2317,233rv1s,鴻海精密工業股份有限公司,鴻海,True,1043,134.7,239.5,251.7,177.2
387,2458,12no9wsg,義隆電子股份有限公司,義隆,True,33,193.8,182.3,186.4,171.5
1237,6191,118qxre0,精成科技股份有限公司,精成科,True,19,94.0,321.2,209.4,171.4
669,3266,12njhneg,昇陽建設企業股份有限公司,昇陽,True,2,105.5,216.9,171.3,170.1
1459,6756,1a2x6bi080,威鋒電子股份有限公司,威鋒電子,True,8,193.8,213.3,205.4,166.1
1006,4952,113bdalk,凌通科技股份有限公司,凌通,True,7,193.8,157.1,169.2,162.9
1319,6412,b5mbqqo,群光電能科技股份有限公司,群電,True,54,94.0,185.2,183.0,162.6
581,3041,12no69m8,揚智科技股份有限公司,揚智,True,14,193.8,199.8,171.3,160.5
1318,6411,cwfahe0,晶焱科技股份有限公司,晶焱,True,5,193.8,310.4,195.1,159.2
1167,6104,18rejv5k,創惟科技股份有限公司,創惟,True,18,193.8,189.5,179.5,159.1
797,3596,5voyq28,智易科技股份有限公司,智易,True,69,101.1,190.6,188.1,158.9
766,3533,a7vl51k,嘉澤端子工業股份有限公司,嘉澤,True,25,94.0,278.4,189.9,157.8
285,2303,low6oqw,聯電_聯華電子股份有限公司,聯電,True,50,193.8,201.5,185.1,157.7
1367,6531,okut4k8,愛普科技股份有限公司,愛普*,True,8,193.8,250.7,200.8,157.3
314,2354,aw30gbs,鴻準精密工業股份有限公司,鴻準,True,13,134.7,248.1,226.6,155.3
772,3545,cw83dgg,敦泰電子股份有限公司,敦泰,True,17,193.8,168.1,183.3,154.6
455,2610,54bzekg,中華航空股份有限公司,華航,True,2,127.2,152.6,207.5,154.5
550,3005,a5hho0w,神基投資控股股份有限公司,神基,True,0,138.1,230.9,175.0,152.6
1436,6695,cwxosr4,芯鼎科技股份有限公司,芯鼎,True,25,193.8,165.0,161.6,151.7
339,2388,13womfgw,威盛電子股份有限公司,威盛,True,16,193.8,173.3,169.2,151.5
1015,4974,111n0u9k,亞泰影像科技股份有限公司,亞泰,True,2,94.0,209.2,161.8,151.1
877,4162,10vfivy0,智擎生技製藥股份有限公司,智擎,True,2,88.8,216.0,169.6,150.9
624,3131,12r3bo8o,弘塑科技股份有限公司,弘塑,True,21,134.7,166.0,155.9,150.4
225,2013,13ez7vuo,中國鋼鐵結構股份有限公司,中鋼構,True,6,97.9,173.5,167.9,150.2
1582,8213,wixb8wg,志超科技股份有限公司,志超,True,0,94.0,146.5,151.8,150.0
353,2412,1a2x6bk73o,中華電信股份有限公司,中華電,True,42,101.1,88.1,152.6,148.7
287,2308,fn5mtmo,台達電子工業股份有限公司 _DELTA ELECTRONICS INC.,台達電,True,773,94.0,164.7,173.4,146.6
992,4915,cv6lny8,致伸科技股份有限公司,致伸,True,106,94.0,189.7,162.7,146.0
1523,8040,7drmv3c,九暘電子股份有限公司,九暘,True,5,193.8,165.8,157.9,146.0
1232,6186,7hvu960,新潤興業股份有限公司,新潤,True,1,105.5,194.9,150.9,144.5
752,3515,10wkk4i0,華擎科技股份有限公司,華擎,True,12,138.1,180.8,162.4,142.9
1328,6435,1a2x6biad7,大中積體電路股份有限公司,大中,True,6,193.8,143.4,147.8,142.7
792,3588,10v9de6g,通嘉科技股份有限公司,通嘉,True,16,193.8,157.7,147.9,141.2
449,2603,57i7v6g,長榮海運股份有限公司,長榮,True,0,127.2,165.9,153.9,141.0
1107,5471,18l95gqo,松翰科技股份有限公司,松翰,True,38,193.8,148.2,148.3,139.6
586,3046,18p9r2qw,建碁股份有限公司,建碁,True,2,138.1,135.6,127.4,139.6
21,1232,9m3ejcg,大統益股份有限公司,大統益,True,5,84.8,172.9,157.6,139.2
635,3169,12noeflk,亞信電子股份有限公司,亞信,True,7,193.8,192.0,159.0,139.2
348,2404,9ma029s,漢唐集成股份有限公司,漢唐,True,71,134.7,173.5,157.7,138.7
510,2851,539xizc,中央再保險股份有限公司,中再保,True,4,134.3,170.3,162.9,138.3
306,2344,a5haxqo,華邦電子股份有限公司,華邦電,True,95,193.8,156.6,158.9,138.2
100,1477,augl4f4,聚陽實業股份有限公司,聚陽,True,39,72.4,192.7,150.8,138.1
463,2618,ao3p9e0,長榮航空股份有限公司,長榮航,True,2,127.2,163.2,193.0,137.9
317,2357,auxx12g,華碩電腦股份有限公司,華碩,True,527,138.1,172.0,169.1,137.5
1112,5483,lp8o7m8,中美矽晶製品股份有限公司,中美晶,True,5,193.8,157.9,145.2,137.0
174,1723,ao1eukg,中鋼碳素化學股份有限公司,中碳,True,0,90.9,164.9,147.0,136.8
1588,8249,7mh7q0g,菱光科技股份有限公司,菱光,True,6,94.0,208.3,164.7,136.8
759,3526,7o1hee8,凡甲科技股份有限公司,凡甲,True,2,94.0,219.9,147.5,135.9
1683,9930,13k9kiao,中聯資源股份有限公司,中聯資源,True,1,95.1,157.4,144.9,135.5
297,2328,1mnkbyo,廣宇科技股份有限公司,廣宇,True,8,94.0,201.3,156.9,135.3
173,1722,1qri6o8,台灣肥料股份有限公司,台肥,True,8,90.9,163.6,151.4,135.2
1503,6901,1a2x6bll3p,鑽石生技投資股份有限公司,鑽石投資,True,3,95.4,319.2,191.6,135.0
1129,5522,25adf8w,遠雄建設事業股份有限公司,遠雄,True,11,105.5,195.1,145.7,134.7
435,2536,am8wyls,宏普建設股份有限公司,宏普,True,5,105.5,169.7,143.4,134.3
1382,6568,d3knjts,宏觀微電子股份有限公司,宏觀,True,6,193.8,151.6,143.2,134.0
1284,6243,7kz4rqg,迅杰科技股份有限公司,迅杰,True,2,193.8,192.1,148.9,133.7
451,2606,lmeq4xk,裕民航運股份有限公司,裕民,True,3,127.2,172.6,156.1,133.3
1354,6505,13qx38i8,台塑石化股份有限公司,台塑化,False,0,102.0,136.4,143.5,132.3
1054,5278,10vqsslk,尚凡國際創新科技股份有限公司,尚凡,True,5,100.7,146.1,135.1,132.2
726,3438,7pruon4,台灣類比科技股份有限公司,類比科,True,0,193.8,152.7,147.1,132.0
502,2820,5lql61k,中華票券金融股份有限公司,華票,True,3,134.3,167.7,148.9,132.0
312,2352,5qkelsg,佳世達科技股份有限公司,佳世達,True,71,138.1,173.0,159.2,132.0
525,2891,10wks8xs,中國信託金融控股股份有限公司,中信金,False,0,134.3,179.7,159.3,131.4
1270,6227,9k6wknk,茂綸股份有限公司,茂綸,True,21,110.9,140.4,140.9,131.3
1120,5508,aaqzgwg,永信建設開發股份有限公司,永信建,True,6,105.5,153.7,140.0,131.2
1337,6462,d8vx7bc,神盾股份有限公司,神盾,True,11,193.8,171.3,170.0,131.0
321,2363,a5hale8,SiS＿矽統科技股份有限公司,矽統,True,4,193.8,179.5,141.4,131.0
520,2886,wiuk500,兆豐金融控股股份有限公司,兆豐金,True,1,134.3,165.8,156.2,130.4
760,3527,7saq3h4,Macroblock_聚積科技股份有限公司,聚積,True,10,193.8,133.7,149.2,130.2
498,2801,nsvald4,彰化商業銀行股份有限公司,彰銀,True,7,134.3,147.5,139.4,130.2
526,2892,0,第一金融控股股份有限公司,第一金,False,0,134.3,157.7,139.7,129.3
335,2382,ahfsoq0,廣達電腦股份有限公司,廣達,True,202,138.1,162.8,152.2,129.1
1152,5880,1a2x6bia31,合作金庫金融控股股份有限公司,合庫金,True,0,134.3,144.5,137.6,129.0
834,3702,ctvszsw,大聯大控股股份有限公司,大聯大,True,18,110.9,168.7,140.8,129.0
1094,5434,aunp60g,崇越科技股份有限公司,崇越,True,28,110.9,208.5,171.1,128.9
626,3141,wc5q668,晶宏半導體股份有限公司,晶宏,True,12,193.8,150.5,137.3,128.0
718,3413,5wngyqo,京鼎精密科技股份有限公司,京鼎,True,75,193.8,147.2,137.0,128.0
1347,6488,1a2x6bj3qu,環球晶圓股份有限公司,環球晶,True,8,193.8,151.0,138.6,128.0
370,2432,a5bfboo,倚天酷碁股份有限公司,倚天酷碁-創,True,6,138.1,174.1,147.6,127.7
1241,6196,amsb7y8,帆宣系統科技股份有限公司,帆宣,True,72,134.7,181.9,163.3,127.5
763,3530,cjgrpi8,晶相光電股份有限公司,晶相光,True,2,193.8,196.7,152.7,127.1
1192,6138,7gsk3g0,茂達電子股份有限公司,茂達,True,15,193.8,146.2,145.1,127.0
1234,6188,7qfuky8,廣明光電股份有限公司_廣達關係企業,廣明,True,50,138.1,157.7,154.9,126.9
1679,9926,ga01ci8,新海瓦斯股份有限公司,新海,True,3,102.0,111.0,127.9,126.6
242,2035,ynyxsi0,唐榮鐵工廠股份有限公司,唐榮公司,True,0,97.9,112.5,112.3,126.5
1131,5525,agho7ew,順天建設股份有限公司,順天,True,9,105.5,161.3,146.1,126.1
1539,8070,apgva2g,長華電材股份有限公司,長華*,True,0,110.9,154.7,154.5,126.0
1150,5876,1e7qkpc,上海商業儲蓄銀行股份有限公司,上海商銀,True,24,134.3,144.3,139.0,126.0
1005,4951,10wkh3pc,精拓科技股份有限公司,精拓科,True,6,193.8,152.4,124.9,125.9
1480,6811,1a2x6blg3z,宏碁資訊服務股份有限公司,宏碁資訊,True,13,100.7,135.8,140.0,125.5
295,2324,9qzgnew,仁寶電腦工業股份有限公司,仁寶,True,199,138.1,140.6,140.2,125.5
999,4934,d68p2i8,太極能源科技股份有限公司,太極,True,0,90.6,190.0,136.8,125.1
346,2401,axyilo0,凌陽科技股份有限公司,凌陽,True,23,193.8,141.4,142.1,124.6
1179,6121,13sjiql4,新普科技股份有限公司,新普,True,89,138.1,128.2,141.0,124.6
1451,6735,60wvdu8,美達科技股份有限公司,美達科技,True,5,134.7,109.5,96.3,124.2
994,4919,cwxjkhc,新唐科技股份有限公司,新唐,True,57,193.8,147.2,148.4,123.9
30,1301,ys2lc2g,台塑_臺灣塑膠工業股份有限公司,台塑,True,128,111.7,136.2,136.4,123.8
1386,6576,1a2x6bj6pe,逸達生物科技股份有限公司,逸達,True,4,88.8,249.3,143.9,123.7
288,2312,20ac4uw,金寶電子工業股份有限公司,金寶,True,24,134.7,159.0,146.9,123.6
1032,5203,ay3orts,訊連科技股份有限公司,訊連,True,33,107.4,150.4,153.3,123.6
1538,8069,a5hpc9c,元太科技工業股份有限公司,元太,True,36,90.6,146.7,141.8,123.4
1162,6023,18n619w0,元大期貨股份有限公司,元大期貨,True,19,127.1,172.9,141.8,123.3
48,1326,qxz8dm8,台灣化學纖維股份有限公司,台化,False,0,111.7,131.9,135.2,122.9
1468,6785,1a2x6bjxmw,昱展新藥生技股份有限公司,昱展新藥,True,0,88.8,195.5,162.8,122.8
598,3059,18pag3zc,華晶科技股份有限公司,華晶科,True,29,90.6,155.5,131.5,122.5
656,3228,7fxkjq0,金麗科技股份有限公司,金麗科,True,9,193.8,153.4,160.3,121.6
332,2377,a6sfe9s,微星科技股份有限公司,微星,True,200,138.1,151.0,139.5,121.3
1444,6716,cos7ync,應廣科技股份有限公司,應廣,True,18,193.8,171.4,141.4,120.9
594,3055,afwq5kw,蔚華科技股份有限公司,蔚華科,True,10,110.9,167.6,133.1,120.7
1012,4968,112000xs,立積電子股份有限公司,立積,True,38,193.8,154.2,146.5,120.6
373,2436,a5hgyk8,偉詮電子股份有限公司,偉詮電,True,14,193.8,126.7,127.9,120.2
450,2605,1a2x6big6y,新興航運股份有限公司,新興,True,0,127.2,197.0,139.6,120.2
831,3693,18k4az8o,營邦企業股份有限公司,營邦,True,51,138.1,138.1,141.9,120.1
35,1308,0,亞洲聚合股份有限公司,亞聚,False,0,111.7,129.0,128.3,119.9
472,2645,7e876oo,長榮航太科技股份有限公司,長榮航太,True,1,127.2,129.0,126.0,119.9
659,3231,5wthkkw,緯創資通股份有限公司,緯創,True,295,138.1,146.6,133.8,119.6
714,3388,12xn9s1s,崇越電通股份有限公司,崇越電,True,2,94.0,167.2,120.4,119.5
1532,8054,wd7ilhc,"安國國際科技股份有限公司(Alcor Micro,Corp.)",安國,True,2,193.8,161.4,150.8,119.4
1255,6212,3hvfrts,理銘開發股份有限公司,理銘,False,0,105.5,139.3,136.7,118.9
151,1609,v96tltk,大亞電線電纜股份有限公司,大亞,True,14,88.7,153.7,130.0,118.6
1567,8112,a9xwf88,至上集團_至上電子股份有限公司,至上,True,25,110.9,205.8,136.1,118.6
313,2353,9kgoqw8,宏碁股份有限公司,宏碁,True,40,138.1,143.5,142.2,118.6
1052,5272,cua49yg,笙科電子股份有限公司,笙科,True,4,193.8,139.6,134.1,118.4
1433,6691,e7e0jmo,洋基工程股份有限公司,洋基工程,True,91,134.7,286.3,146.8,118.0
516,2882,wjct48g,國泰金控_國泰金融控股股份有限公司,國泰金,True,176,134.3,113.2,144.3,117.9
1349,6492,1a2x6bidlh,生華生物科技股份有限公司,生華科,True,2,88.8,175.2,114.7,117.9
1504,6902,1oz56mw,Gogolook_走著瞧股份有限公司,走著瞧-創,True,10,100.7,167.4,136.3,117.9
514,2880,0,華南金融控股股份有限公司,華南金,False,0,134.3,141.9,136.0,117.8
573,3032,vyog08w,偉訓科技股份有限公司,偉訓,True,8,94.0,173.0,127.6,117.5
1630,8464,d6le14g,億豐綜合工業股份有限公司,億豐,True,30,80.9,192.0,145.5,117.3
302,2337,a5hi0dc,旺宏電子股份有限公司,旺宏,True,60,193.8,134.4,138.2,117.3
1039,5213,15bsos08,亞昕國際開發股份有限公司,亞昕,True,28,105.5,132.4,121.5,117.2
647,3211,7mhex9s,順達科技股份有限公司,順達,True,19,138.1,129.2,125.2,116.8
1266,6223,156ljehc,旺矽科技股份有限公司,旺矽,True,51,193.8,121.6,132.6,116.7
515,2881,1jt9s7c,富邦金融控股股份有限公司,富邦金,True,36,134.3,115.1,144.2,116.4
665,3259,7pam4d4,鑫創科技股份有限公司,鑫創,True,3,193.8,120.1,120.0,116.3
615,3094,12noldlk,聯傑國際股份有限公司,聯傑,True,0,193.8,135.3,118.3,116.1
519,2885,wiuk154,元大金融控股股份有限公司(元大金控) (元大證券) (元大銀行),元大金,True,589,134.3,168.4,136.8,116.0
1144,5609,jg90ow,中菲行國際物流股份有限公司,中菲行,True,13,127.2,114.7,219.4,115.9
664,3257,7ermtew,虹冠電子工業股份有限公司,虹冠電,True,5,193.8,200.7,137.9,115.6
518,2884,0,玉山金融控股股份有限公司,玉山金,False,0,134.3,142.7,128.3,115.6
218,2002,dyztbmg,中國鋼鐵股份有限公司,中鋼,True,1,97.9,129.4,124.0,115.6
411,2489,130l2f5s,瑞軒科技股份有限公司,瑞軒,True,53,90.6,116.3,130.2,115.5
524,2890,10wkawpk,永豐金融控股股份有限公司 (永豐銀行/永豐金證券/永豐金租賃),永豐金,True,0,134.3,147.8,136.0,115.4
553,3010,yovc2m0,華立企業股份有限公司,華立,True,22,110.9,186.7,139.4,115.3
1430,6684,ofdl160,安格科技股份有限公司,安格,True,1,193.8,144.2,130.4,115.1
1127,5520,uibdsw8,力泰建設企業股份有限公司,力泰,True,0,105.5,139.5,132.7,114.8
1044,5234,d0z38kg,達興材料股份有限公司,達興材料,True,11,90.6,167.4,150.7,114.4
273,2227,10rlavdc,裕隆集團_裕隆日產汽車股份有限公司,裕日車,True,16,86.6,118.7,120.5,114.2
1498,6874,wcvhu08,倍力資訊股份有限公司,倍力,True,8,107.4,130.6,119.4,113.9
1320,6414,wbygn1s,樺漢科技股份有限公司_鴻海集團,樺漢,True,27,138.1,188.5,134.7,113.6
507,2845,13qu1mip,遠東國際商業銀行股份有限公司,遠東銀,True,111,134.3,136.9,127.1,113.6
651,3219,13wl9dg0,倚強科技股份有限公司,倚強科,True,17,134.7,150.4,138.2,113.6
1445,6719,cusom54,力智電子股份有限公司,力智,True,10,193.8,141.7,126.5,113.5
457,2612,k40bz00,中國航運股份有限公司,中航,True,6,127.2,142.0,119.2,113.5
1000,4938,d6gs5o8,和碩集團_和碩聯合科技股份有限公司,和碩,True,349,138.1,133.8,134.6,113.4
623,3130,12v3o7uw,104人力銀行_一零四資訊科技股份有限公司,一零四,True,63,100.7,139.0,128.0,113.2
504,2834,1qqhvko,臺灣中小企業銀行股份有限公司,臺企銀,True,72,134.3,130.8,127.9,113.2
1590,8261,7lpzpx4,富鼎先進電子股份有限公司,富鼎,True,7,193.8,165.4,141.4,113.0
454,2609,1xgouag,陽明海運股份有限公司,陽明,True,16,127.2,135.7,128.4,113.0
283,2301,aqae7i0,光寶科技股份有限公司,光寶科,True,337,138.1,151.4,141.4,113.0
1647,8926,13tm3fn4,台灣汽電集團_台灣汽電共生股份有限公司,台汽電,True,4,102.0,228.4,131.5,112.8
1089,5403,5odo9iw,中菲電腦股份有限公司,中菲,True,22,107.4,161.4,138.6,112.8
1405,6613,7d6e2oo,朋億股份有限公司,朋億*,True,11,134.7,157.0,132.7,112.7
39,1313,26j89i8,聯成化學科技股份有限公司,聯成,True,16,111.7,125.8,123.3,112.7
1136,5534,24mq2bs,長虹建設股份有限公司,長虹,True,1,105.5,161.0,112.7,112.7
1618,8432,oe2g9u0,東生華製藥股份有限公司,東生華,True,5,88.8,137.0,119.8,112.5
1083,5371,a5hppdk,中強光電股份有限公司,中光電,True,47,90.6,111.6,120.3,112.5
397,2471,9l7gjnk,資通電腦股份有限公司,資通,True,19,107.4,131.3,126.4,112.3
600,3062,7mg64m8,建漢科技股份有限公司,建漢,True,23,101.1,137.5,116.4,112.3
268,2206,b0zd5kg,三陽工業股份有限公司,三陽工業,True,19,86.6,121.9,117.7,112.2
300,2331,ab9w3zk,精英電腦股份有限公司,精英,True,0,138.1,133.7,130.7,112.0
1137,5536,o4ntlmw,聖暉工程科技股份有限公司,聖暉*,True,39,134.7,155.2,134.1,111.7
577,3036,12tgftnk,文曄集團_文曄科技股份有限公司,文曄,True,38,110.9,174.2,139.2,111.7
1279,6237,13ni1h20,驊訊電子企業股份有限公司,驊訊,True,13,193.8,150.7,122.0,111.5
434,2535,8q6bsew,達欣工程股份有限公司,達欣工,True,11,105.5,134.9,117.6,111.5
521,2887,10wh8zx4,台新金融控股股份有限公司(台新銀行消費金融處),台新金,True,0,134.3,138.3,137.6,111.4
357,2417,auhyjqo,圓剛科技股份有限公司,圓剛,True,24,138.1,119.0,115.7,111.4
1229,6183,18mw4ku8,關貿網路股份有限公司,關貿,True,51,107.4,118.7,121.9,111.4
110,1519,fagha6g,華城電機股份有限公司,華城,True,58,81.5,148.3,154.6,111.3
1118,5493,1egs98o,三聯科技股份有限公司,三聯,True,10,134.7,118.7,112.5,111.3
32,1304,5h34ym0,台灣聚合化學品股份有限公司,台聚,False,0,111.7,115.6,121.9,111.0
398,2472,o1x6re0,立隆電子工業股份有限公司,立隆電,True,5,94.0,135.2,116.3,111.0
358,2419,a4blzsg,仲琦科技股份有限公司,仲琦,True,2,101.1,135.5,126.6,110.5
31,1303,ymhw2i0,南亞塑膠工業股份有限公司,南亞,True,25,111.7,104.2,118.8,110.5
761,3528,5tmzveo,安馳科技股份有限公司,安馳,True,9,110.9,100.6,125.3,110.5
320,2362,4buzv2w,藍天電腦股份有限公司,藍天,True,14,138.1,125.2,120.6,110.1
517,2883,wjcsmhk,凱基金融控股股份有限公司|凱基證券|凱基銀行|中華開發資本|凱基投信,開發金,True,333,134.3,144.0,135.9,110.0
1246,6202,7erkya8,盛群半導體股份有限公司,盛群,True,1,193.8,98.0,118.5,110.0
1108,5474,azb1cds,聰泰科技開發股份有限公司,聰泰,True,21,138.1,146.8,133.5,109.7
804,3617,18s1jjg8,碩天科技股份有限公司,碩天,True,32,134.7,138.2,123.9,109.7
1460,6757,1a2x6bl3jm,台灣虎航股份有限公司,台灣虎航-創,True,4,127.2,156.9,168.3,109.6
329,2374,58g8ank,佳能企業股份有限公司,佳能,True,36,90.6,104.7,114.8,109.0
1126,5519,13glgyg8,隆大營建事業股份有限公司,隆大,True,3,105.5,133.6,113.8,108.8
1071,5324,2d4eprk,士林開發股份有限公司,士開,False,0,105.5,140.3,116.1,108.7
341,2392,a7jay28,正崴精密工業股份有限公司,正崴,True,100,94.0,108.5,124.6,108.6
666,3260,5wp49rs,威剛科技股份有限公司,威剛,True,27,193.8,155.5,130.9,108.6
282,2258,1a2x6blghh,鴻華先進科技股份有限公司,鴻華先進-創,True,139,86.6,134.1,129.4,108.3
730,3447,7dcy900,展達通訊股份有限公司_群光集團關係企業,展達,True,22,101.1,114.5,123.3,108.3
1441,6708,5uu9i94,天擎積體電路股份有限公司,天擎,True,7,193.8,116.2,114.7,108.3
1275,6233,7fjpig0,旺玖科技股份有限公司,旺玖,True,10,193.8,119.0,120.5,108.2
672,3276,wgzqq3c,宇環科技股份有限公司,宇環,False,0,94.0,179.4,96.9,108.2
527,2897,whzylwo,O-Bank_王道商業銀行股份有限公司,王道銀行,True,117,134.3,151.3,131.7,108.1
570,3029,e7ef0go,零壹科技股份有限公司_Zero One Tech,零壹,True,56,107.4,122.1,110.9,108.0
505,2836,10onhfpk,高雄銀行股份有限公司,高雄銀,True,16,134.3,133.0,120.9,107.9
1076,5347,12nocs6o,世界先進積體電路股份有限公司,世界,True,190,193.8,129.5,148.5,107.6
267,2204,0,中華汽車工業股份有限公司,中華,False,0,86.6,113.6,120.7,107.5
437,2538,5mmbmwg,基泰建設股份有限公司,基泰,True,8,105.5,148.1,163.9,107.5
219,2006,ykzw50o,東和鋼鐵企業股份有限公司,東和鋼鐵,True,30,97.9,109.8,113.6,107.3
1046,5244,ct1kn8w,弘凱光電股份有限公司,弘凱,True,11,90.6,143.0,129.6,107.3
460,2615,58gae9s,萬海航運股份有限公司,萬海,True,44,127.2,132.1,127.8,106.9
1397,6592,1a2x6bjpw9,和潤企業股份有限公司,和潤企業,True,64,95.4,133.0,134.8,106.8
1345,6485,daew9gg,點序科技股份有限公司,點序,True,31,193.8,120.7,126.2,106.7
713,3380,5vp0tog,明泰科技股份有限公司,明泰,True,22,101.1,106.0,113.2,106.6
751,3512,13umnuug,皇龍開發股份有限公司,皇龍,False,0,105.5,139.2,115.7,106.6
163,1709,1zbrxyo,和益化學工業股份有限公司,和益,True,0,90.9,129.7,117.5,106.3
1371,6535,5tfswvk,順天醫藥生技股份有限公司,順藥,True,0,88.8,153.9,114.2,106.2
343,2395,2d9ntmw,Advantech_研華股份有限公司,研華,True,146,138.1,109.4,123.2,105.9
588,3048,18luf0xc,EDOM_益登科技股份有限公司,益登,True,9,110.9,93.7,122.0,105.8
644,3206,eahwk48,志豐電子股份有限公司,志豐,True,1,94.0,163.1,112.7,105.8
263,2108,5lxejdk,南帝化學工業股份有限公司,南帝,True,7,76.4,106.8,111.5,105.8
309,2348,ae69jqg,海悅國際開發股份有限公司,海悅,True,56,95.4,161.8,125.5,105.8
391,2462,28o1488,台灣良得電子股份有限公司,良得電,True,9,94.0,146.3,129.2,105.5
351,2408,152cvzls,南亞科技股份有限公司,南亞科,True,107,193.8,120.3,122.0,105.4
695,3324,7muwb1c,雙鴻科技股份有限公司,雙鴻,True,46,134.7,127.5,115.3,105.3
850,4105,5fi4d3c,台灣東洋藥品工業股份有限公司,東洋,True,31,88.8,129.9,124.4,105.1
236,2029,10od7jco,盛餘股份有限公司,盛餘,True,5,97.9,102.5,114.0,105.0
987,4906,ajq4pyw,正文科技股份有限公司,正文,True,45,101.1,121.8,120.0,105.0
1620,8435,5kqld4g,台灣鉅邁股份有限公司,鉅邁,True,0,95.4,108.2,108.9,104.9
559,3017,13pctvp4,奇鋐科技股份有限公司,奇鋐,True,68,138.1,235.8,120.6,104.6
442,2545,13oju9hc,皇翔建設股份有限公司,皇翔,True,22,105.5,95.7,113.9,104.5
1465,6770,cwxk0oo,力晶積成電子製造股份有限公司(力積電),力積電,True,40,193.8,111.3,109.7,104.5
1383,6569,ddum13s,醫揚科技股份有限公司,醫揚,True,10,88.8,126.3,109.1,104.4
271,2211,11apqde0,長榮鋼鐵股份有限公司,長榮鋼,True,15,97.9,106.0,108.6,104.4
1238,6192,6g3a3o8,巨路國際股份有限公司,巨路,True,37,134.7,126.1,114.8,104.3
258,2103,1mrsx0o,台橡股份有限公司,台橡,True,19,76.4,117.7,115.8,104.2
1035,5209,ae3d2xk,中鼎集團_新鼎系統股份有限公司,新鼎,True,8,95.4,126.0,117.0,104.2
614,3093,24zng6o,台灣港建股份有限公司,港建*,True,15,134.7,134.9,113.4,104.1
301,2332,a5habd4,D-Link_友訊科技股份有限公司,友訊,True,50,101.1,121.8,113.9,104.0
621,3122,7s8pprk,笙泉科技股份有限公司,笙泉,True,4,193.8,126.6,113.3,104.0
123,1535,12pdpco8,中宇環保工程股份有限公司,中宇,True,22,81.5,117.0,113.5,103.9
765,3532,152mbysw,台塑勝高科技股份有限公司,台勝科,False,0,193.8,110.2,108.7,103.9
1001,4939,10z85he0,亞洲電材股份有限公司,亞電,True,0,94.0,166.3,105.6,103.8
1533,8059,7n23suw,凱碩科技股份有限公司,凱碩,True,3,101.1,130.8,118.6,103.6
1575,8163,7dyii7s,達方電子股份有限公司,達方,True,53,138.1,134.2,124.6,103.5
574,3033,24vuvio,威健實業股份有限公司,威健,True,14,110.9,127.1,115.6,103.3
1003,4945,wf7n05s,陞達科技股份有限公司,陞達科技,True,5,193.8,130.0,104.1,103.3
1692,9941,at41hao,裕融企業股份有限公司,裕融,True,19,95.4,128.2,123.1,103.3
625,3138,atv7sfk,耀登科技股份有限公司,耀登,True,14,101.1,151.2,129.3,103.3
1374,6546,5tl8phk,正基科技股份有限公司,正基,True,4,101.1,122.9,114.8,103.2
1585,8227,13l3caeg,巨有科技股份有限公司,巨有科技,True,21,193.8,128.7,114.0,103.1
308,2347,aldnfbc,聯強國際股份有限公司,聯強,True,17,110.9,131.3,120.1,103.0
832,3694,cpkop2w,海華科技股份有限公司,海華,True,22,101.1,119.7,113.8,102.8
847,3715,0,定穎投資控股股份有限公司,定穎投控,False,0,94.0,165.8,106.8,102.7
736,3479,wfo0t6o,安勤科技股份有限公司,安勤,True,19,138.1,123.1,118.1,102.6
1591,8271,18rjuzk0,宇瞻科技股份有限公司,宇瞻,True,18,193.8,126.8,113.0,102.3
1518,8032,ae7d8qw,光菱電子股份有限公司,光菱,True,4,110.9,126.4,104.7,102.3
1163,6024,18n4a3yw,群益期貨股份有限公司,群益期,True,32,134.3,156.3,133.3,102.2
563,3022,18rkf108,威強電工業電腦股份有限公司,威強電,True,41,138.1,115.3,113.7,102.2
71,1442,24boors,麗寶集團_名軒開發股份有限公司,名軒,True,18,105.5,127.6,104.7,102.1
1470,6789,110ztpg8,采鈺科技股份有限公司,采鈺,True,58,193.8,106.4,123.0,101.9
395,2467,3hzleeg,志聖工業股份有限公司,志聖,True,26,94.0,98.5,113.3,101.8
1164,6026,as65kmo,福邦證券股份有限公司,福邦證,True,19,127.1,127.0,122.7,101.8
1556,8096,7e8zubk,擎亞電子股份有限公司,擎亞,True,1,110.9,143.4,106.9,101.8
1499,6875,we7qo8o,國邑藥品科技股份有限公司,國邑*,True,2,88.8,139.9,109.8,101.8
1409,6640,oflnowg,均華精密工業股份有限公司,均華,True,34,193.8,103.8,106.1,101.6
462,2617,1myc65k,台灣航業股份有限公司,台航,True,2,127.2,124.1,133.2,101.6
1061,5299,dajf10w,杰力科技股份有限公司,杰力,True,9,193.8,122.5,122.6,101.5
685,3306,7js7e8w,鼎天國際股份有限公司_廣達關係企業,鼎天,True,11,101.1,149.6,117.8,101.3
1233,6187,18kgolog,萬潤科技股份有限公司,萬潤,True,59,134.7,115.9,115.4,101.2
1668,9908,5345wg0,大台北區瓦斯股份有限公司,大台北,True,5,102.0,111.5,113.1,101.2
791,3587,10qdozxs,閎康科技股份有限公司,閎康,True,62,134.7,113.5,109.1,101.1
1335,6457,d7i0hzk,紘康科技股份有限公司,紘康,True,8,193.8,112.5,108.1,100.6
12,1216,xnfvmlk,統一企業股份有限公司,統一,True,44,84.8,120.4,118.2,100.6
829,3689,cp5lwyg,湧德電子股份有限公司,湧德,True,9,94.0,125.6,109.8,100.5
884,4174,60trb48,台灣浩鼎生技股份有限公司,浩鼎,True,12,88.8,167.8,110.9,100.4
1427,6679,cuqf7l4,鈺太科技股份有限公司,鈺太,True,0,193.8,161.1,111.4,100.2
319,2360,4cgulm0,致茂電子股份有限公司,致茂,True,83,134.7,111.9,115.4,100.1
571,3030,ap7rv14,德律科技股份有限公司,德律,True,16,134.7,109.5,115.2,100.1
420,2504,b1wtng8,國產建材實業股份有限公司,國產,True,50,105.5,138.4,100.7,100.1
1637,8487,wen1654,愛爾達科技股份有限公司,愛爾達-創,True,2,100.7,164.8,112.0,100.0
1643,8917,a3u8fq8,欣泰石油氣股份有限公司,欣泰,True,2,102.0,103.6,108.3,99.5
1552,8089,aweyr2g,康全電訊股份有限公司,康全電訊,True,10,101.1,109.4,103.8,99.4
465,2633,7jzoq8g,高鐵_台灣高速鐵路股份有限公司,台灣高鐵,True,78,127.2,110.9,107.9,99.1
836,3704,0,合勤投資控股股份有限公司,合勤控,False,0,101.1,131.2,116.7,99.0
838,3706,0,神達投資控股股份有限公司,神達,False,0,138.1,68.3,111.1,99.0
1484,6830,csn7ka0,汎銓科技股份有限公司,汎銓,True,20,134.7,117.0,122.0,98.9
428,2520,e71lcv4,冠德建設股份有限公司,冠德,True,10,105.5,169.3,109.0,98.9
452,2607,20vjuoo,長榮國際儲運股份有限公司,榮運,True,11,127.2,99.9,99.1,98.5
634,3168,7h5jrv4,眾福科技股份有限公司,眾福科,True,22,90.6,143.2,109.5,98.4
137,1582,gitkkfc,信錦企業股份有限公司,信錦,True,10,94.0,127.7,109.1,98.4
1307,6283,159l3240,淳安電子股份有限公司,淳安,True,11,134.7,125.1,94.1,98.3
606,3078,12uovylc,僑威科技股份有限公司,僑威,True,30,94.0,187.9,124.0,98.2
307,2345,a5hcezc,智邦科技股份有限公司,智邦,True,219,101.1,136.7,138.5,98.2
1652,8931,12twn7yw,大園汽電共生股份有限公司,大汽電,True,10,102.0,117.2,106.2,98.1
596,3057,a5hm2z4,喬鼎資訊股份有限公司,喬鼎,True,4,138.1,121.5,115.4,97.9
1178,6120,aspw10o,達運精密工業股份有限公司,達運,True,18,90.6,122.0,108.2,97.9
419,2501,1jsz368,國泰建設股份有限公司,國建,True,12,105.5,125.0,103.2,97.8
1097,5443,fjmn8gw,均豪精密工業股份有限公司,均豪,True,18,90.6,105.1,105.1,97.8
388,2459,9l1quk8,敦吉科技股份有限公司,敦吉,True,2,134.7,119.9,103.4,97.7
164,1710,6ghrmd4,東聯化學股份有限公司,東聯,True,8,90.9,100.5,103.0,97.7
1024,5009,12pdvp2g,榮剛材料科技股份有限公司,榮剛,True,9,97.9,106.7,99.7,97.6
1121,5511,a61b0kw,德昌營造股份有限公司,德昌,True,27,105.5,86.3,103.2,97.3
509,2850,1l71ku0,新光產物保險股份有限公司,新產,True,71,134.3,122.7,121.6,97.3
1274,6231,7mzp948,系微股份有限公司,系微,True,30,107.4,118.3,115.9,97.3
1467,6782,7o2m92o,視陽光學股份有限公司,視陽,True,5,88.8,135.2,116.6,97.3
691,3317,7p23g8o,尼克森微電子股份有限公司,尼克森,True,7,193.8,140.7,117.1,97.1
585,3045,18n48ptc,台灣大哥大股份有限公司,台灣大,True,130,101.1,110.2,112.7,96.9
36,1309,5gp1148,台達化學工業股份有限公司,台達化,True,0,111.7,103.5,103.1,96.8
1215,6166,155pk9w8,凌華科技股份有限公司,凌華,True,32,138.1,120.0,108.9,96.3
1100,5455,13m508g0,昇益開發股份有限公司,昇益,False,0,105.5,105.9,108.4,96.3
512,2855,anzi8ns,統一綜合證券股份有限公司,統一證,True,106,134.3,165.6,144.9,96.1
447,2597,ui1cyxc,潤弘精密工程事業股份有限公司,潤弘,True,8,105.5,128.3,114.6,96.1
1224,6176,a5ihl8g,瑞儀光電股份有限公司,瑞儀,True,43,90.6,146.6,121.4,96.0
1669,9910,t4ja080,豐泰企業股份有限公司,豐泰,True,0,85.4,116.7,124.0,96.0
646,3209,13iqsaao,全科科技股份有限公司,全科,True,29,110.9,113.3,107.6,96.0
432,2530,52whilk,大華建設股份有限公司,華建,True,6,105.5,134.5,113.5,95.9
860,4120,5p1fs4w,友華生技醫藥股份有限公司,友華,True,21,88.8,119.8,111.2,95.7
1475,6799,oe0cw3k,來頡科技股份有限公司,來頡,True,8,193.8,136.0,102.4,95.6
136,1580,5q308eo,新麥企業股份有限公司,新麥,True,3,81.5,115.4,96.5,95.5
649,3217,add2tcg,優群科技股份有限公司,優群,True,15,94.0,191.5,115.1,95.4
1123,5514,ahcsbhk,三豐建設股份有限公司,三豐,True,0,105.5,143.8,97.8,95.3
732,3454,whb9w2w,晶睿通訊股份有限公司_台達電子集團,晶睿,True,38,90.6,115.4,107.6,95.3
1443,6715,1a2x6bi162,嘉基科技股份有限公司,嘉基,True,10,94.0,141.0,104.2,95.2
1259,6216,7gm9abk,居易科技股份有限公司,居易,True,10,101.1,115.5,107.8,95.2
378,2442,a3xytow,新美齊股份有限公司,新美齊,True,10,105.5,95.5,115.4,95.1
1408,6625,1a2x6bix81,必應創造股份有限公司,必應,True,37,95.4,122.9,114.9,94.9
1302,6277,5p4odo0,宏正自動科技股份有限公司,宏正,True,36,138.1,119.5,111.5,94.8
316,2356,1zh8g1c,Inventec_英業達股份有限公司,英業達,True,290,138.1,114.2,112.9,94.8
1187,6129,a4obks8,普誠科技股份有限公司,普誠,True,5,193.8,101.5,104.5,94.7
206,1808,fornhrc,潤隆建設股份有限公司,潤隆,True,8,105.5,115.6,106.7,94.7
522,2888,10whcigo,新光金融控股股份有限公司(新光金控/新光人壽/新光銀行/新光投信),新光金,True,529,134.3,109.6,114.6,94.7
1497,6873,1a2x6bkpst,泓德能源科技股份有限公司,泓德能源-創,True,65,95.1,127.5,116.0,94.6
782,3563,7l981o0,牧德科技股份有限公司,牧德,True,29,90.6,114.0,108.2,94.6
587,3047,a6k7vds,訊舟科技股份有限公司,訊舟,True,35,101.1,106.6,105.0,94.4
403,2480,12otq70g,敦陽科技股份有限公司,敦陽科,True,55,107.4,105.8,101.4,94.1
1,1102,1hnp360,亞洲水泥股份有限公司,亞泥,True,15,88.9,118.8,108.3,94.1
815,3646,7r08t1s,艾恩特精密工業股份有限公司,艾恩特,True,3,94.0,204.9,97.1,94.0
1117,5490,12nop0rs,同亨科技股份有限公司,同亨,True,26,138.1,109.1,100.7,93.9
1114,5487,a95oti0,通泰積體電路股份有限公司,通泰,True,0,193.8,108.5,100.2,93.9
1104,5465,gnule4w,富驊企業股份有限公司,富驊,True,1,138.1,148.7,97.5,93.8
733,3455,13u156q8,由田新技股份有限公司,由田,True,25,90.6,119.8,109.1,93.7
418,2498,7co2xio,宏達電 HTC Corporation_宏達國際電子股份有限公司,宏達電,True,130,101.1,118.5,120.8,93.7
1495,6865,7mdfomw,偉康科技股份有限公司,偉康科技,True,26,100.7,110.7,103.7,93.7
500,2812,nsyg63k,台中商業銀行股份有限公司,台中銀,True,201,134.3,116.6,111.0,93.6
259,2104,20gzwsw,國際中橡投資控股股份有限公司,國際中橡,True,21,76.4,165.0,107.0,93.5
1314,6292,a61qd1s,迅德興業股份有限公司,迅德,True,0,94.0,164.6,130.4,93.4
153,1612,jt7lvyo,宏泰電工股份有限公司,宏泰,True,10,88.7,109.0,103.8,93.2
1034,5206,26d0xds,坤悅開發股份有限公司,坤悅,True,0,105.5,135.2,105.2,93.2
1264,6221,131foohk,晉泰科技股份有限公司,晉泰,True,70,107.4,127.9,110.8,92.8
227,2015,pg1e5e0,豐興鋼鐵股份有限公司,豐興,True,14,97.9,104.3,101.5,92.8
985,4904,18n64g34,遠傳電信股份有限公司,遠傳,True,109,101.1,107.0,104.5,92.7
1329,6438,wi4quiw,迅得機械股份有限公司,迅得,True,38,134.7,96.8,86.7,92.6
1172,6113,a4eexa0,亞矽科技股份有限公司,亞矽,True,9,110.9,103.7,93.1,92.4
185,1737,152gyqs8,臺鹽實業股份有限公司,臺鹽,True,15,84.8,102.0,101.2,92.4
1143,5608,5rl0nmw,四維航業股份有限公司,四維航,True,10,127.2,148.1,100.8,92.4
1313,6291,13r8f2ls,沛亨半導體股份有限公司,沛亨,True,0,193.8,94.6,89.9,92.2
1019,4989,1a2x6bihkz,李長榮科技股份有限公司,榮科,True,8,94.0,93.4,94.8,92.2
536,2912,ad0nzp4,統一超商股份有限公司,統一超,True,315,67.7,79.3,108.3,92.2
779,3556,10wq4f5c,禾瑞亞科技股份有限公司,禾瑞亞,True,6,193.8,112.1,107.7,91.9
198,1788,an1y3ls,杏昌生技股份有限公司,杏昌,True,13,88.8,123.8,106.0,91.8
1333,6446,wew7f14,藥華醫藥股份有限公司,藥華藥,True,27,88.8,340.0,118.0,91.8
768,3537,ae6tb5k,堡達實業股份有限公司,堡達,True,0,94.0,115.9,104.8,91.7
1180,6122,2ckxbrk,擎邦國際科技工程股份有限公司,擎邦,True,66,81.5,113.6,102.8,91.7
569,3028,5p3nff4,增你強股份有限公司,增你強,True,24,110.9,109.3,102.0,91.6
1122,5512,13tpdd0g,力麒建設股份有限公司,力麒,True,3,105.5,104.5,95.2,91.5
677,3289,159vmy1c,宜特科技股份有限公司,宜特,True,71,134.7,98.0,104.8,91.5
421,2505,5bwm2i0,國揚實業股份有限公司,國揚,True,6,105.5,133.1,99.0,91.5
1063,5302,lpiwe8w,太欣半導體股份有限公司,太欣,True,6,193.8,130.4,92.4,91.5
1396,6590,wfc9y6w,普鴻資訊股份有限公司,普鴻,True,21,107.4,101.0,103.2,91.4
555,3013,2707ob4,晟銘電子科技股份有限公司,晟銘電,True,10,138.1,113.1,97.5,91.4
1466,6776,9jjuzoo,展碁國際股份有限公司,展碁國際,True,10,110.9,114.5,107.5,91.3
1424,6669,onw9tj4,緯穎科技服務股份有限公司,緯穎,True,176,138.1,97.6,129.1,91.0
363,2425,a9c0dmo,承啟科技股份有限公司,承啟,True,2,138.1,118.4,103.6,91.0
639,3188,5thvacg,鑫龍騰開發股份有限公司,鑫龍騰,False,0,105.5,186.0,112.8,91.0
1235,6189,a6chcdk,豐藝電子股份有限公司,豐藝,True,13,110.9,120.9,110.8,90.9
425,2514,ahctciw,龍邦國際興業股份有限公司,龍邦,True,1,95.4,110.7,96.6,90.8
1479,6806,d5vpyx4,森崴能源股份有限公司,森崴能源,True,39,95.1,110.9,107.6,90.7
270,2208,25nf6ig,台船_台灣國際造船股份有限公司,台船,True,1,127.2,96.9,95.6,90.7
466,2634,18muvnk0,某航空公司,漢翔,True,15,127.2,112.7,108.5,90.6
33,1305,5d9lt3k,華夏海灣塑膠股份有限公司,華夏,True,10,111.7,95.8,94.9,90.6
1095,5438,7e4h9p4,東友科技股份有限公司,東友,True,19,138.1,119.1,101.5,90.5
1297,6270,13wvgqr4,倍微科技股份有限公司,倍微,True,4,110.9,117.2,99.5,90.4
1476,6803,wi7sha8,崑鼎綠能環保股份有限公司,崑鼎,True,2,95.1,310.0,101.7,90.2
934,4551,a9uk14g,智伸科技股份有限公司,智伸科,True,6,86.6,104.3,115.2,90.1
1078,5351,a5hl50w,鈺創科技股份有限公司,鈺創,True,22,193.8,135.9,131.2,90.0
912,4506,211pd80,崇友實業股份有限公司,崇友,True,27,81.5,98.2,91.5,90.0
1421,6664,atk7c20,群翊工業股份有限公司,群翊,True,7,94.0,116.2,94.6,90.0
361,2423,26b3kgw,固緯電子實業股份有限公司,固緯,True,14,134.7,105.3,99.5,89.8
750,3511,1116167c,矽瑪科技股份有限公司,矽瑪,True,10,94.0,94.5,116.7,89.8
1395,6589,1a2x6bicyh,台康生技股份有限公司,台康生技,True,23,88.8,134.8,100.9,89.8
383,2453,2a5ju40,凌群電腦股份有限公司,凌群,True,136,107.4,110.1,99.8,89.5
611,3088,aw93aew,艾訊股份有限公司,艾訊,True,61,138.1,106.5,102.0,89.5
754,3518,15807h5c,柏騰科技股份有限公司,柏騰,True,1,134.7,105.0,89.8,89.4
820,3669,d25q6a8,圓展科技股份有限公司,圓展,True,26,101.1,98.6,101.1,89.4
703,3356,7hm4e9c,奇偶科技股份有限公司,奇偶,True,11,90.6,100.3,98.0,89.4
1390,6581,154mowkw,台灣鋼聯股份有限公司,鋼聯,True,0,95.1,106.8,92.8,89.3
1226,6179,1540slq0,亞通利大能源股份有限公司,亞通,True,18,95.4,90.2,92.3,89.2
1674,9918,fgrrupk,欣欣天然氣股份有限公司,欣天然,False,0,102.0,113.9,105.8,89.2
523,2889,10wik6zs,國票金融控股股份有限公司,國票金,True,1,134.3,141.5,118.3,89.2
1389,6579,oee5hew,研揚科技股份有限公司,研揚,True,55,138.1,115.2,105.3,89.1
1346,6486,10u8efts,互動國際數位股份有限公司,互動,True,13,101.1,119.9,108.1,88.9
149,1605,g9nifhc,華新麗華股份有限公司,華新,True,52,88.7,109.0,109.4,88.9
1469,6788,5slz50g,華景電通股份有限公司,華景電,True,12,193.8,150.5,96.7,88.8
650,3218,130j7vbs,大學光學科技股份有限公司_大學眼鏡/大學眼科/大學醫美,大學光,True,121,88.8,108.1,115.0,88.8
1458,6754,1a2x6bj12k,匯僑設計_匯僑室內裝修設計股份有限公司,匯僑設計,True,15,80.9,106.7,103.6,88.7
356,2415,kms3zn5,錩新科技股份有限公司,錩新,True,5,94.0,116.0,102.0,88.6
790,3583,e721jfc,辛耘企業股份有限公司,辛耘,True,48,193.8,102.9,99.9,88.6
729,3444,12r36c40,利機企業股份有限公司,利機,True,8,110.9,132.1,97.3,88.2
1515,8024,13vmeqs0,佑華微電子股份有限公司,佑華,True,11,193.8,97.2,96.8,88.2
1432,6690,wf0uhow,安碁資訊股份有限公司,安碁資訊,True,23,100.7,106.3,106.6,88.2
1212,6163,12y30460,華電聯網股份有限公司,華電網,True,117,101.1,111.5,100.3,88.1
1691,9940,a9pjy3k,信義房屋股份有限公司,信義,True,123,95.4,115.4,123.6,88.0
392,2464,a5hgicw,盟立自動化股份有限公司,盟立,True,35,134.7,103.7,103.5,88.0
1317,6409,d9dht8g,旭隼科技股份有限公司,旭隼,True,30,134.7,299.8,129.4,88.0
1422,6667,157xy2lc,信紘科技股份有限公司,信紘科,True,66,134.7,104.0,101.7,87.8
1662,8996,g844pk8,高力熱處理工業股份有限公司,高力,True,16,81.5,101.1,94.2,87.7
386,2457,dzcsj2g,飛宏科技股份有限公司,飛宏,True,36,94.0,137.9,101.0,87.7
1456,6752,aavnrjk,叡揚資訊股份有限公司,叡揚,True,94,107.4,98.5,99.9,87.7
360,2421,11f0id7k,建準電機工業股份有限公司,建準,True,48,94.0,109.6,108.2,87.6
780,3557,cqeah4w,嘉威生活股份有限公司,嘉威,True,4,80.9,221.3,99.8,87.6
1292,6263,12n5ajpk,普萊德科技股份有限公司,普萊德,True,8,101.1,102.6,91.0,87.5
1581,8210,2d2e7fc,勤誠興業股份有限公司,勤誠,True,77,138.1,125.8,109.8,87.5
1527,8046,7e7mdgg,南亞電路板股份有限公司(南電),南電,True,21,94.0,85.0,91.0,87.2
1660,8941,6gkla34,關中股份有限公司,關中,True,0,80.9,147.5,91.4,87.2
0,1101,5h0zoz4,(台泥)臺灣水泥股份有限公司,台泥,True,130,88.9,97.3,99.4,87.1
459,2614,2a3l3tc,東森國際股份有限公司,東森,True,6,95.4,118.9,94.3,87.1
190,1773,ywezbuo,勝一化工股份有限公司,勝一,True,34,90.9,114.2,101.4,87.0
618,3114,9jzpz8o,好德科技股份有限公司,好德,True,6,94.0,98.5,101.6,86.9
436,2537,aeqrbx4,聯上開發股份有限公司,聯上發,True,5,105.5,91.6,83.8,86.9
1351,6496,aks8yfk,科懋生物科技股份有限公司,科懋,True,11,88.8,106.8,102.1,86.8
1387,6577,1a2x6bjhdq,勁豐電子股份有限公司,勁豐,True,11,138.1,112.0,100.3,86.7
1453,6743,7ljs8e8,安普新股份有限公司,安普新,True,32,134.7,106.5,97.6,86.7
1171,6112,7jpa44g,邁達特數位股份有限公司,邁達特,True,63,107.4,108.5,106.7,86.7
844,3712,0,永崴投資控股股份有限公司,永崴投控,False,0,138.1,158.2,112.3,86.7
879,4164,0,承業生醫投資控股股份有限公司,承業醫,False,0,88.8,136.0,104.3,86.7
1159,6016,ay0hyc8,康和綜合證券股份有限公司,康和證,True,81,127.1,135.9,107.4,86.6
1685,9933,9ka2llc,中鼎集團_中鼎工程股份有限公司,中鼎,True,217,95.4,126.9,103.2,86.6
1204,6152,154zie08,百一電子股份有限公司,百一,True,10,101.1,105.0,101.4,86.5
1306,6282,5o3jjw8,康舒科技股份有限公司,康舒,True,80,94.0,116.6,106.5,86.4
448,2601,1jgakrc,益航股份有限公司,益航,True,5,67.7,138.2,93.9,86.2
667,3264,wi3s62g,欣銓科技股份有限公司,欣銓,True,12,193.8,115.2,106.4,86.2
108,1516,a50y82g,川飛能源股份有限公司,川飛,True,0,95.4,153.5,97.0,86.2
160,1702,3ctici8,南僑投資控股股份有限公司,南僑,True,64,84.8,276.4,118.5,86.1
1529,8048,2c970u0,德勝科技股份有限公司,德勝,True,10,101.1,135.2,91.3,86.0
973,4746,18ix85rk,台耀化學股份有限公司,台耀,True,48,88.8,96.6,92.5,86.0
508,2849,13xn0qy0,安泰商業銀行股份有限公司,安泰銀,True,111,134.3,108.4,102.0,85.9
552,3008,absj6xs,大立光電股份有限公司,大立光,True,110,90.6,108.9,113.9,85.8
414,2493,e7iuqgo,揚博科技股份有限公司,揚博,True,13,94.0,112.7,101.7,85.8
1281,6240,18rkwpkw,松崗國際興業股份有限公司,松崗,True,2,95.4,113.9,93.3,85.7
872,4147,d6rlvrk,中裕新藥股份有限公司,中裕,True,13,88.8,117.6,100.5,85.7
331,2376,a4kvltk,技嘉科技股份有限公司,技嘉,True,79,138.1,130.2,123.2,85.6
1139,5601,0,臺聯貨櫃通運股份有限公司,台聯櫃,False,0,127.2,99.5,88.6,85.6
57,1416,jybo4ps,廣豐實業股份有限公司,廣豐,True,0,95.4,133.7,84.5,85.5
1494,6861,0,睿生光電股份有限公司,睿生光電,False,0,88.8,100.9,100.3,85.4
743,3492,12z75nio,長盛科技股份有限公司,長盛,False,0,94.0,106.8,88.3,85.4
1474,6796,cwxr9hk,晉弘科技股份有限公司,晉弘,True,24,88.8,97.0,96.0,85.3
511,2852,1jjxd3c,第一產物保險股份有限公司,第一保,True,29,134.3,113.0,109.4,85.3
1361,6516,d8w0byw,勤崴國際科技股份有限公司,勤崴國際,True,23,107.4,98.8,91.2,85.1
1209,6158,a3xtdpc,禾昌興業股份有限公司,禾昌,True,12,94.0,112.2,96.8,85.1
645,3207,13r4oxwg,耀勝電子股份有限公司,耀勝,True,15,94.0,129.6,84.4,85.0
1635,8478,13eyee4g,東哥遊艇_東哥企業股份有限公司,東哥遊艇,True,21,85.4,112.3,92.9,85.0
533,2908,9jwyai8,特力集團_特力股份有限公司,特力,True,33,67.7,93.3,96.3,85.0
280,2247,1a2x6bjimk,汎德永業汽車股份有限公司,汎德永業,True,119,86.6,105.9,111.7,84.9
303,2338,a5hf0cg,台灣光罩股份有限公司,光罩,True,40,193.8,93.8,99.5,84.9
785,3570,7e2s7e9,大塚資訊科技股份有限公司,大塚,True,20,107.4,113.2,106.0,84.9
1038,5212,7lka688,凌網科技股份有限公司,凌網,True,17,107.4,92.0,96.8,84.9
1007,4953,13u3sbvs,緯創軟體股份有限公司,緯軟,True,117,107.4,84.1,89.8,84.7
266,2201,1lpdny9,裕隆集團_裕隆汽車製造股份有限公司,裕隆,True,25,86.6,102.7,89.8,84.7
1161,6021,ajo2a6o,美好證券股份有限公司,美好證,True,52,127.1,118.7,99.4,84.6
547,3002,edqxl3k,歐格電子股份有限公司,歐格,True,7,138.1,108.3,88.3,84.5
738,3483,7h0uen4,力致科技股份有限公司,力致,True,18,138.1,136.2,92.3,84.4
231,2023,yw1fugw,燁輝企業股份有限公司,燁輝,True,35,97.9,80.3,86.6,84.2
101,1503,52kin0w,士林電機廠股份有限公司,士電,True,76,81.5,110.3,102.4,84.2
778,3555,1106hyi8,博士旺創新股份有限公司,博士旺,True,4,193.8,80.9,86.0,84.1
200,1795,59go71s,美時化學製藥股份有限公司,美時,True,51,88.8,108.4,114.3,84.0
899,4414,muohi1s,如興股份有限公司,如興,True,0,72.4,179.0,113.7,83.9
352,2409,12nokxe8,友達光電股份有限公司,友達,True,221,90.6,106.9,109.9,83.9
1358,6510,ct2ibfs,CHPT_中華精測科技股份有限公司,精測,True,42,193.8,81.4,90.1,83.8
557,3015,12p5rau0,全漢企業股份有限公司,全漢,True,22,94.0,99.8,97.1,83.8
988,4907,a5hen88,富宇地產股份有限公司,富宇,True,3,105.5,210.4,98.8,83.7
369,2431,gc8grug,聯昌電子企業股份有限公司,聯昌,True,7,94.0,103.4,97.6,83.7
65,1436,3g7g6gg,華友聯開發股份有限公司,華友聯,True,19,105.5,108.6,94.2,83.7
1572,8150,7eres28,南茂科技股份有限公司,南茂,True,36,193.8,89.7,94.0,83.7
857,4114,jug4ur4,健喬信元醫藥生技股份有限公司,健喬,True,66,88.8,119.1,112.3,83.6
631,3163,7mb7fqw,波若威科技股份有限公司,波若威,True,2,101.1,115.4,101.8,83.6
438,2539,abyxwhs,櫻花建設股份有限公司,櫻花建,True,3,105.5,101.9,96.0,83.6
1417,6657,1a2x6bimnc,華安醫學股份有限公司,華安,True,1,88.8,185.1,79.2,83.5
1352,6499,1a2x6biorj,益安生醫股份有限公司,益安,True,3,88.8,129.9,99.6,83.5
558,3016,7erm71c,嘉晶電子股份有限公司,嘉晶,True,14,193.8,83.8,89.5,83.5
839,3707,1a2x6blsez,漢磊科技股份有限公司,漢磊,True,27,193.8,98.2,93.0,83.5
1336,6461,0,益得生物科技股份有限公司,益得,False,0,88.8,113.6,94.0,83.4
99,1476,ghgox7c,儒鴻企業股份有限公司,儒鴻,True,53,72.4,101.5,95.3,83.3
1227,6180,154zrwlk,遊戲橘子數位科技股份有限公司,橘子,True,99,122.0,109.5,107.9,83.3
52,1402,1m99jk0,遠東新世紀股份有限公司,遠東新,True,65,72.4,107.3,99.4,83.2
430,2527,a9jccps,宏璟建設股份有限公司,宏璟,True,0,105.5,129.4,81.7,83.1
1142,5607,13ka8k1c,遠雄自貿港投資控股股份有限公司,遠雄港,False,0,127.2,327.9,89.5,83.1
501,2816,1ffm44o,旺旺友聯產物保險股份有限公司,旺旺保,True,75,134.3,108.5,105.6,83.1
1031,5202,aeikbjs,力新國際科技股份有限公司,力新,True,7,107.4,125.1,94.4,83.1
862,4123,8jppo1s,晟德大藥廠股份有限公司,晟德,True,11,88.8,92.7,95.7,83.1
503,2832,1mttbi0,臺灣產物保險股份有限公司,台產,True,72,134.3,108.7,105.5,83.1
444,2547,5ompjeg,日勝生活科技股份有限公司,日勝生,True,24,105.5,121.2,93.9,83.0
1135,5533,b0q8348,皇鼎建設開發股份有限公司,皇鼎,True,0,105.5,97.1,85.1,82.9
1183,6125,26oq46w,廣運機械工程股份有限公司,廣運,True,62,90.6,132.3,100.2,82.9
833,3701,0,大眾全球投資控股股份有限公司,大眾控,False,0,138.1,150.4,99.1,82.8
560,3018,18iybd14,隆銘綠能科技工程股份有限公司,隆銘綠能,True,14,134.7,88.2,84.7,82.8
858,4116,ap3cms0,明基三豐醫療器材股份有限公司,明基醫,True,17,88.8,94.5,88.2,82.7
1594,8284,13kjqgog,三竹資訊股份有限公司,三竹,True,42,107.4,92.6,90.5,82.7
1612,8416,cqvam68,實威國際股份有限公司,實威,True,22,107.4,92.6,93.0,82.6
835,3703,dbi23bc,欣陸投資控股股份有限公司,欣陸,True,4,105.5,140.4,91.4,82.4
1257,6214,18pcqfps,精誠資訊股份有限公司,精誠,True,259,107.4,98.7,100.6,82.2
701,3349,18s6xmc0,寶德科技股份有限公司,寶德,True,11,138.1,87.5,85.6,82.2
192,1777,x60lkw8,生泰合成工業股份有限公司,生泰,True,8,88.8,93.7,90.6,82.2
963,4726,5xfw7xk,永昕生物醫藥股份有限公司,永昕,True,29,88.8,93.6,91.6,82.1
429,2524,329mi9c,京城建設股份有限公司,京城,True,6,105.5,110.7,90.9,82.0
1110,5478,11bf6s4o,智冠科技股份有限公司,智冠,True,57,122.0,97.6,94.3,82.0
805,3622,10vcrnew,洋華光電股份有限公司,洋華,True,3,90.6,119.7,96.7,81.9
178,1730,3jhmzao,花仙子企業股份有限公司,花仙子,True,7,90.9,107.5,89.9,81.7
1339,6465,b95165s,威潤科技股份有限公司,威潤,True,7,101.1,96.5,88.3,81.6
289,2313,20sh3sw,華通電腦股份有限公司,華通,True,15,94.0,85.3,91.2,81.4
870,4138,10zs6f3c,曜亞國際股份有限公司,曜亞,True,8,88.8,99.2,96.9,81.2
415,2495,12nyb2c0,普安科技股份有限公司,普安,True,38,138.1,96.5,96.2,81.2
375,2439,o272zgo,美律實業股份有限公司,美律,True,102,101.1,116.9,111.6,81.2
689,3312,1561n82o,弘憶國際股份有限公司,弘憶股,True,6,110.9,108.8,87.3,81.0
976,4755,10tvja7s,三福化工股份有限公司,三福化,True,17,90.9,86.0,90.0,81.0
690,3313,12qv1n2o,斐成開發科技股份有限公司,斐成,True,1,95.4,185.4,61.7,81.0
1507,6922,deesaxs,宸曜科技股份有限公司,宸曜,True,19,138.1,92.9,94.4,80.9
900,4416,3ihlec0,三圓建設股份有限公司,三圓,True,3,105.5,125.8,105.1,80.9
106,1514,1h5654w,亞力電機股份有限公司,亞力,True,51,81.5,102.3,94.3,80.9
1606,8390,18r4xb2o,金益鼎企業股份有限公司,金益鼎,True,6,95.1,98.7,86.9,80.8
34,1307,12b2z0uo,三芳化學工業股份有限公司,三芳,True,9,111.7,106.4,84.8,80.8
349,2405,9mzh2m8,Shuttle_輔信科技股份有限公司,輔信,True,15,138.1,102.3,95.6,80.7
440,2542,5nid4d4,興富發建設股份有限公司,興富發,True,39,105.5,104.2,101.7,80.6
1501,6894,5uor5tk,衛司特科技股份有限公司,衛司特,True,7,95.1,127.2,96.4,80.6
580,3040,a4o4rew,遠見科技股份有限公司,遠見,False,0,95.4,119.5,76.0,80.6
1072,5328,z3o8bbs,華容股份有限公司,華容,True,6,94.0,123.5,83.7,80.5
506,2838,13okwde9,聯邦商業銀行股份有限公司,聯邦銀,True,152,134.3,92.8,91.2,80.5
1312,6290,56uon6g,良維科技股份有限公司,良維,True,7,94.0,127.6,108.0,80.5
336,2383,13qwktp4,台光電子材料股份有限公司,台光電,True,64,94.0,128.8,107.0,80.5
1431,6689,1a2x6bilhz,伊雲谷數位科技股份有限公司,伊雲谷,True,38,100.7,100.3,100.5,80.5
499,2809,vntudvs,京城商業銀行股份有限公司,京城銀,True,32,134.3,111.8,89.2,80.5
215,1906,5iypn00,寶隆國際股份有限公司,寶隆,False,0,84.9,127.0,73.4,80.5
1697,9946,12sxbknc,三發地產股份有限公司,三發地產,True,17,105.5,109.7,89.8,80.5
941,4563,13lieqy8,百德機械股份有限公司,百德,True,8,81.5,88.0,84.8,80.4
1084,5381,13ns3f5c,合正科技股份有限公司,合正,True,11,94.0,102.2,59.9,80.3
545,2948,1a2x6bjtbu,寶陞國際股份有限公司,寶陞,True,0,80.9,125.4,89.3,80.3
334,2380,a5hmj6g,虹光精密工業股份有限公司,虹光,True,10,138.1,87.4,89.3,80.3
566,3025,a5horfc,星通資訊股份有限公司,星通,True,26,101.1,121.3,97.9,80.2
1463,6763,18kmrfrk,綠界科技股份有限公司,綠界科技,True,10,100.7,94.1,88.1,80.2
908,4438,1565nd48,廣越企業股份有限公司,廣越,True,16,72.4,90.6,86.9,80.2
1651,8930,w2bfbsg,青鋼應用材料股份有限公司,青鋼,True,7,97.9,104.3,91.0,80.2
1604,8374,5qhvn3k,羅昇企業股份有限公司,羅昇,True,12,81.5,91.4,86.2,80.1
2,1103,5gonzzc,嘉新企業團_嘉新水泥股份有限公司,嘉泥,True,4,88.9,97.9,86.9,80.0
948,4580,7alb9ts,捷流閥業股份有限公司,捷流閥業,True,8,81.5,101.7,89.5,80.0
37,1310,9kqhsrs,台灣苯乙烯工業股份有限公司,台苯,False,0,111.7,92.9,91.2,79.9
1534,8064,7kqi1s0,東捷科技股份有限公司,東捷,True,12,90.6,89.4,89.6,79.9
1057,5287,d2sa4zs,數字科技股份有限公司,數字,False,0,100.7,155.7,88.0,79.8
38,1312,1xnv4wg,國喬石油化學股份有限公司,國喬,True,10,111.7,97.6,89.1,79.8
1158,6015,1e2hvhs,宏遠證券股份有限公司,宏遠證,True,29,127.1,111.5,99.0,79.8
773,3546,154in7zc,宇峻奧汀科技股份有限公司,宇峻,True,27,122.0,89.0,90.9,79.8
1360,6515,61enk4w,穎崴科技股份有限公司,穎崴,True,48,193.8,96.7,108.1,79.8
740,3489,13km2b74,森寶開發股份有限公司,森寶,False,0,105.5,86.2,89.0,79.7
867,4130,12no58kw,健亞生物科技股份有限公司,健亞,True,4,88.8,90.6,87.9,79.7
698,3338,15a381ts,泰碩電子股份有限公司,泰碩,True,5,94.0,106.0,90.3,79.7
169,1717,ylywbj4,長興材料工業股份有限公司,長興,True,27,90.9,94.2,91.1,79.6
226,2014,3ln1ugg,中鴻鋼鐵股份有限公司,中鴻,True,4,97.9,84.9,83.0,79.6
933,4550,12pp28kw,長佳集團_長佳機電工程股份有限公司,長佳,True,15,81.5,86.6,85.6,79.5
1058,5289,cnvy3hk,宜鼎國際股份有限公司,宜鼎,True,79,138.1,115.5,108.2,79.5
1684,9931,10p43vow,欣高石油氣股份有限公司,欣高,False,0,102.0,91.8,85.0,79.5
1105,5468,12noaczs,凱鈺科技股份有限公司,凱鈺,True,2,193.8,112.4,85.2,79.5
1548,8084,12vmkh20,巨虹電子股份有限公司,巨虹,True,0,110.9,105.2,92.8,79.4
1577,8176,12nodurk,智捷科技股份有限公司,智捷,True,14,101.1,87.0,80.9,79.4
167,1713,1jtdzfs,國泰化工廠股份有限公司,國化,True,0,90.9,111.3,83.8,79.3
1030,5201,9rmdk68,凱衛資訊股份有限公司,凱衛,True,13,107.4,95.2,84.6,79.2
1181,6123,13kz7vt4,上奇科技股份有限公司,上奇,True,11,107.4,122.7,90.1,79.2
1434,6692,1a2x6bkh9x,進金生能源服務股份有限公司,進能服,True,18,95.1,87.8,96.7,79.1
1569,8121,13kc8ohk,越峯電子材料股份有限公司,越峰,True,7,94.0,102.2,86.8,79.0
593,3054,13knt2gg,立萬利創新股份有限公司,立萬利,True,3,84.8,99.9,93.5,79.0
286,2305,lp182u8,全友電腦股份有限公司,全友,True,4,138.1,92.7,80.7,79.0
981,4768,1a2x6bi2ju,晶呈科技股份有限公司,晶呈科技,True,16,90.9,138.3,85.5,78.9
513,2867,12sjgn88,三商美邦人壽保險股份有限公司_總公司,三商壽,True,131,134.3,100.5,91.1,78.9
1199,6146,18sbogso,耕興股份有限公司,耕興,True,47,134.7,115.5,107.6,78.9
1334,6449,cw4ypwg,鈺邦科技股份有限公司,鈺邦,True,25,94.0,142.7,109.6,78.8
355,2414,5m0tl5s,精技電腦股份有限公司,精技,True,29,110.9,94.2,87.5,78.8
1686,9934,e70medk,成霖企業股份有限公司,成霖,True,13,80.9,147.0,79.6,78.7
849,4104,ahyzq1c,佳醫健康事業股份有限公司,佳醫,True,11,88.8,105.8,99.1,78.7
1559,8101,wi1fzz4,華冠通訊股份有限公司,華冠,True,4,101.1,112.1,80.6,78.7
1037,5211,13n1ijm8,蒙恬科技股份有限公司,蒙恬,True,0,107.4,98.7,87.3,78.7
531,2905,52shwuh,三商行_三商巧福_拿坡里_福勝亭_鮮五丼_品川蘭_全家福_三商美福家具_三商投資控股股份有限公司,三商,True,0,67.7,494.9,91.4,78.6
68,1439,53smsmw,國揚集團_雋揚國際股份有限公司,雋揚,True,2,105.5,107.0,76.9,78.6
213,1904,f7699cw,正隆股份有限公司,正隆,True,81,84.9,86.8,84.4,78.6
1520,8034,13ib1ubk,榮群電訊股份有限公司,榮群,True,6,101.1,103.8,93.6,78.5
1252,6208,7ea4z14,日揚科技股份有限公司,日揚,True,30,94.0,83.7,95.3,78.4
433,2534,1a2x6bmacc,宏盛建設股份有限公司,宏盛,True,24,105.5,85.0,89.0,78.4
318,2359,auz4eso,所羅門股份有限公司,所羅門,True,55,134.7,93.6,89.5,78.3
1478,6805,5wveacg,富世達股份有限公司,富世達,True,29,94.0,183.3,86.1,78.2
1472,6791,e7e3480,虎門科技股份有限公司,虎門科技,True,36,107.4,122.9,89.0,78.2
1547,8083,7gzeuxk,瑞穎股份有限公司,瑞穎,False,0,81.5,86.3,85.5,78.1
1261,6218,5m5be08,豪勉科技股份有限公司,豪勉,True,9,101.1,98.9,89.8,78.1
1200,6147,7ere2lk,頎邦科技股份有限公司,頎邦,True,89,193.8,89.7,91.2,78.1
568,3027,fgnzuvk,盛達電業股份有限公司,盛達,True,19,101.1,94.4,81.2,78.0
1124,5515,l9or3r4,建國工程股份有限公司,建國,True,19,105.5,89.7,92.6,78.0
199,1789,7erhbvs,統一集團關係企業_台灣神隆股份有限公司,神隆,True,26,88.8,89.8,85.3,78.0
1132,5529,qrcul68,志嘉建設股份有限公司,鉅陞,True,0,105.5,166.8,87.3,78.0
1247,6203,1zlh3eo,海韻電子工業股份有限公司,海韻電,True,11,94.0,99.3,94.5,78.0
1208,6156,ajg9yd4,松上電子股份有限公司,松上,True,5,94.0,153.0,99.1,77.9
906,4432,a4zewk0,銘旺實業股份有限公司,銘旺實,True,13,72.4,91.5,92.2,77.7
1435,6693,d9gzeu8,廣閎科技股份有限公司,廣閎科,True,6,193.8,118.3,101.2,77.6
875,4160,b5d23xs,訊聯基因數位股份有限公司,訊聯基因,True,16,88.8,90.6,89.2,77.5
393,2465,a97q9sg,麗臺科技股份有限公司,麗臺,True,6,138.1,83.0,87.6,77.5
824,3680,7jbxn20,家登精密工業股份有限公司,家登,True,66,193.8,93.1,89.1,77.4
767,3535,whlc4z4,晶彩科技股份有限公司,晶彩科,True,13,90.6,90.3,90.9,77.4
1348,6491,bhsy92o,晶碩光學股份有限公司,晶碩,True,38,88.8,91.8,88.9,77.4
105,1513,f68w1j4,中興電工機械股份有限公司,中興電,True,68,81.5,88.9,90.7,77.3
789,3581,7rbc0yo,博磊科技股份有限公司,博磊,True,13,193.8,84.8,91.1,77.3
469,2641,7kci29c,正德海運股份有限公司,正德,True,1,127.2,104.6,83.6,77.3
494,2753,1a2x6bi08r,八方雲集國際股份有限公司,八方雲集,True,61,57.2,96.0,86.0,77.3
1157,6005,ajnfhyw,群益金鼎證券股份有限公司,群益證,True,196,134.3,119.6,99.6,77.3
1379,6558,18rbdu7s,興能高科技股份有限公司,興能高,True,9,134.7,116.2,91.6,77.2
1450,6733,1a2x6bl25d,博晟生醫股份有限公司,博晟生醫,True,0,88.8,118.3,89.9,77.2
617,3105,wi42ew8,穩懋半導體股份有限公司,穩懋,True,83,193.8,86.0,89.1,77.1
1671,9912,9jvefpc,偉聯科技股份有限公司,偉聯,True,7,138.1,114.4,85.9,77.1
1646,8924,aldc0tk,大田精密工業股份有限公司,大田,True,2,85.4,95.4,84.4,77.1
323,2365,2d14m80,昆盈企業股份有限公司,昆盈,True,4,138.1,107.1,86.1,77.0
620,3118,aq5d2o0,進階生物科技股份有限公司,進階,True,10,88.8,99.8,93.9,77.0
921,4532,aucsahs,瑞智精密股份有限公司,瑞智,True,20,81.5,95.6,87.6,76.9
94,1471,3jbss60,首利實業股份有限公司,首利,True,0,94.0,93.2,74.0,76.8
1580,8201,an2t114,無敵科技股份有限公司,無敵,True,2,134.7,91.4,81.9,76.8
443,2546,1a2x6bkteu,根基營造股份有限公司,根基,True,70,105.5,82.1,83.6,76.7
979,4766,y3m7lj4,南寶樹脂化學工廠股份有限公司,南寶,True,45,90.9,98.7,88.2,76.7
1510,7402,10zyn2v4,邑錡股份有限公司,邑錡,True,7,90.6,106.2,95.5,76.6
1509,6937,10uk3tkw,天虹科技股份有限公司,天虹,True,20,193.8,84.0,94.0,76.6
1291,6261,13mbw0yw,久元電子股份有限公司,久元,True,36,193.8,90.2,99.2,76.5
1064,5306,a5hgm7s,桂盟國際股份有限公司,桂盟,True,6,85.4,80.5,88.9,76.4
739,3484,13w334z4,崧騰企業股份有限公司,崧騰,True,14,94.0,89.1,86.1,76.3
1268,6225,7gsr2zk,天瀚科技股份有限公司,天瀚,True,0,90.6,84.5,76.3,76.3
1242,6197,13tw0k4g,佳必琪國際股份有限公司,佳必琪,True,21,94.0,112.6,93.2,76.3
605,3073,13n80qy0,天方能源科技股份有限公司,天方能源,True,3,95.1,68.0,75.6,76.2
1013,4972,13w1hjo8,湯石照明科技股份有限公司,湯石照明,True,0,90.6,106.1,78.9,76.2
1193,6139,5lu3yuw,亞翔集團_亞翔工程股份有限公司,亞翔,True,70,134.7,161.9,104.2,76.2
1560,8103,auu1nbk,瀚荃股份有限公司,瀚荃,True,6,94.0,102.1,84.2,76.2
637,3176,wi97lk8,基亞生物科技股份有限公司,基亞,True,4,88.8,93.7,87.0,76.2
917,4527,acym2fk,堃霖冷凍機械股份有限公司,方方土霖,True,8,81.5,87.7,80.0,76.2
705,3360,4cohdl4,尚立股份有限公司,尚立,True,4,110.9,90.0,80.4,76.1
816,3652,da6cwn4,精聯電子股份有限公司,精聯,True,37,138.1,84.5,86.7,76.1
376,2440,v7ow0g,太空梭高傳真資訊科技股份有限公司,太空梭,True,0,94.0,89.8,85.7,76.1
859,4119,aesozmw,旭富製藥科技股份有限公司,旭富,False,0,88.8,108.0,85.0,76.1
423,2509,29dvb40,全坤建設開發股份有限公司,全坤建,True,20,105.5,83.4,78.0,76.0
340,2390,ft42k4g,云辰電子開發股份有限公司,云辰,True,10,134.7,80.1,81.1,76.0
244,2049,asp3v4o,上銀科技股份有限公司,上銀,True,157,81.5,68.5,79.8,76.0
953,4702,53xe9h4,中美聯合實業股份有限公司,中美實,True,0,80.9,85.1,75.5,76.0
171,1720,wo8i2jc,生達化學製藥股份有限公司,生達,True,29,88.8,83.0,87.9,76.0
1583,8215,7lpb6fk,明基材料股份有限公司,明基材,True,102,90.6,96.3,95.9,75.9
1636,8481,aaegzb4,政伸企業股份有限公司,政伸,True,3,95.4,84.8,80.5,75.9
189,1762,1f2xn9c,中化合成生技股份有限公司,中化生,True,2,88.8,89.3,86.1,75.8
1325,6425,akakx20,易發精機股份有限公司,易發,True,33,81.5,82.7,81.5,75.8
150,1608,10i4fpso,華榮電線電纜股份有限公司,華榮,True,27,88.7,73.0,77.9,75.7
23,1234,9hjlwso,黑松股份有限公司,黑松,True,26,84.8,82.4,83.7,75.6
693,3322,fop7ego,建舜電子製造股份有限公司,建舜電,True,13,94.0,114.9,96.4,75.5
1272,6229,13qenz6w,研通科技股份有限公司,研通,True,0,193.8,94.1,76.2,75.4
1621,8436,5nad1zs,"大江生醫股份有限公司(TCI CO., Ltd)",大江,True,108,88.8,106.0,81.7,75.3
952,4609,fnwm3og,唐鋒集團_唐鋒實業股份有限公司,唐鋒,True,4,80.9,94.3,75.8,75.3
1380,6560,1a2x6bi6ma,欣普羅光電股份有限公司,欣普羅,True,0,90.6,114.4,115.7,75.3
446,2596,5wp2qzk,綠意開發股份有限公司,綠意,True,7,105.5,102.2,71.6,75.2
1471,6790,a98xw08,永豐餘消費品實業股份有限公司,永豐實,True,22,84.9,86.1,86.6,75.2
549,3004,7e6sd7k,豐達科技股份有限公司,豐達科,True,21,97.9,99.2,86.0,75.1
720,3419,lpfpjzk,譁裕實業股份有限公司,譁裕,True,28,101.1,100.7,90.2,75.1
1516,8027,a5id6a8,鈦昇科技股份有限公司,鈦昇,True,2,81.5,81.8,82.2,75.0
1286,6245,a99730w,立端科技股份有限公司,立端,True,47,101.1,102.7,91.6,74.9
102,1504,57ewf0y,東元電機股份有限公司,東元,True,134,81.5,110.2,92.0,74.8
980,4767,14ro4s34,誠泰工業科技股份有限公司,誠泰科技,True,3,90.9,102.3,83.1,74.8
1211,6161,a6shhw0,捷波資訊股份有限公司,捷波,True,7,138.1,108.8,97.5,74.7
1642,8916,f7lwse8,光隆實業股份有限公司,光隆,True,13,95.4,113.3,96.8,74.6
3,1104,3h5sp48,環球水泥股份有限公司,環泥,True,62,88.9,83.3,81.4,74.5
1535,8066,12nompfs,來思達國際企業股份有限公司,來思達,True,0,80.9,116.4,68.0,74.5
1363,6523,10tts5u8,DR.WU SKINCARE_達爾膚生醫科技股份有限公司,達爾膚,True,19,88.8,107.0,93.2,74.4
572,3031,ftrxfvk,佰鴻工業股份有限公司,佰鴻,True,12,90.6,116.3,81.6,74.4
745,3498,gk74sog,陽程科技股份有限公司,陽程,True,54,134.7,88.0,86.6,74.4
148,1604,1nnt8tc,聲寶股份有限公司,聲寶,True,50,88.7,80.3,82.4,74.4
1375,6547,1a2x6bikup,高端疫苗生物製劑股份有限公司,高端疫苗,True,8,88.8,109.6,88.0,74.3
1258,6215,5nhqwzc,和椿科技股份有限公司,和椿,True,30,134.7,83.3,83.7,74.3
1486,6835,ft7ho80,圓裕企業股份有限公司,圓裕,True,2,94.0,97.7,80.4,74.3
1133,5530,aaplveo,龍巖股份有限公司(總公司),龍巖,True,90,95.4,103.7,92.0,74.3
1020,4994,5ylgmaw,傳奇網路遊戲股份有限公司,傳奇,True,10,107.4,104.2,84.1,74.3
345,2399,ay1i5kw,映泰股份有限公司,映泰,True,17,138.1,96.3,86.8,74.2
410,2488,vnaveow,漢平電子工業股份有限公司,漢平,True,2,134.7,103.4,90.5,74.2
1140,5603,29hi3g0,陸海股份有限公司,陸海,True,9,127.2,85.4,80.6,74.1
365,2427,ed8qlmg,三商電腦股份有限公司,三商電,True,41,107.4,88.7,79.4,74.1
529,2903,1m8unag,遠東百貨股份有限公司,遠百,True,72,67.7,84.0,79.8,74.1
1562,8105,7jrmovk,凌巨科技股份有限公司,凌巨,True,30,90.6,82.8,82.7,74.0
131,1560,1f345ts,中國砂輪企業股份有限公司,中砂,True,33,81.5,79.4,80.9,74.0
1488,6841,1a2x6bkoxb,長佳智能股份有限公司,長佳智能,True,11,88.8,110.5,83.6,74.0
130,1558,pm2loh4,伸興工業股份有限公司,伸興,True,2,81.5,104.4,82.1,73.9
843,3711,0,日月光投資控股股份有限公司,日月光投控,False,0,193.8,264.7,92.9,73.9
842,3710,1a2x6bmw5g,連展投控集團_連展投資控股股份有限公司,連展投控,True,29,94.0,99.5,84.2,73.8
1099,5452,13mopn0w,佶優科技股份有限公司,佶優,True,1,134.7,149.2,107.8,73.8
1357,6509,1y6i9e9,聚和國際股份有限公司,聚和,True,35,90.9,83.5,82.9,73.8
235,2028,w1w8aw0,威致鋼鐵工業股份有限公司,威致,True,0,97.9,68.2,78.4,73.7
1627,8454,ckkyqvc,富邦媒體科技股份有限公司(富邦momo),富邦媒,True,350,100.7,81.6,85.2,73.7
1680,9927,10ozmsb4,某實業股份有限公司,泰銘,True,9,95.4,88.4,76.4,73.6
161,1707,5ghcpl4,葡萄王生技股份有限公司,葡萄王,True,29,88.8,91.0,84.5,73.6
18,1227,a5j8pbc,佳格食品股份有限公司,佳格,True,35,84.8,95.3,82.9,73.6
1277,6235,g9680ug,華孚科技股份有限公司,華孚,True,2,138.1,272.3,99.7,73.5
342,2393,fuu0th4,億光電子工業股份有限公司,億光,True,117,90.6,88.3,92.7,73.5
648,3213,autpwhc,茂訊電腦股份有限公司,茂訊,True,14,138.1,90.3,84.0,73.4
1490,6846,1a2x6bjfna,綠茵生技股份有限公司,綠茵,True,16,84.8,110.0,98.0,73.3
1184,6126,lnbc06w,信音企業股份有限公司,信音,True,8,94.0,79.4,78.4,73.3
1154,5903,aldh58g,全家便利商店股份有限公司,全家,True,1105,80.9,48.2,80.0,73.3
84,1457,3iu4j2o,宜進實業股份有限公司,宜進,True,0,72.4,111.6,82.1,73.2
971,4743,1a2x6bll2o,合一生技股份有限公司,合一,True,12,88.8,118.4,96.9,73.2
1461,6761,2bjulm0,穩得實業股份有限公司,穩得,True,14,94.0,99.8,89.7,73.2
1087,5392,1303wzje,能率創新股份有限公司,能率,True,2,90.6,164.6,74.7,73.0
946,4576,18r1oqbc,大銀微系統股份有限公司_HIWIN MIKROSYSTEM,大銀微系統,True,31,81.5,86.1,82.3,73.0
813,3632,5x8s6c8,PAPAGO＿ 研勤科技股份有限公司,研勤,True,9,101.1,130.3,93.5,73.0
818,3663,7qahcxk,鑫科材料科技股份有限公司,鑫科,True,1,134.7,77.4,73.8,73.0
1106,5469,ao3lvh4,瀚宇博德股份有限公司,瀚宇博,True,44,94.0,94.6,86.1,73.0
1414,6651,601stbk,全宇昕科技股份有限公司,全宇昕,True,5,193.8,129.2,110.3,73.0
330,2375,fq3zc0o,凱美電機股份有限公司,凱美,True,2,94.0,84.0,77.7,73.0
1608,8403,110dmy1s,盛弘醫藥股份有限公司,盛弘,True,8,88.8,90.9,82.8,72.9
865,4128,weutzpk,中天生物科技股份有限公司,中天,True,12,88.8,102.5,94.2,72.9
582,3042,9qotw3c,台灣晶技股份有限公司,晶技,True,20,94.0,88.2,94.0,72.9
808,3625,18jp9pwg,西勝國際股份有限公司,西勝,True,9,138.1,95.1,81.0,72.9
1667,9907,xngqnvs,統一實業股份有限公司,統一實,True,8,95.4,72.2,74.3,72.8
964,4728,5urjarc,双美生物科技股份有限公司,雙美,True,9,88.8,97.8,84.2,72.7
1455,6751,1a2x6bkwwg,智聯服務股份有限公司,智聯服務,True,118,107.4,85.9,87.3,72.7
866,4129,a5hrb8w,聯合骨科器材股份有限公司,聯合,True,46,88.8,90.6,82.0,72.6
775,3550,abx5kwo,聯穎科技股份有限公司,聯穎,True,7,94.0,82.6,86.3,72.5
737,3481,5vox8tk,群創光電股份有限公司,群創,True,69,90.6,84.7,89.7,72.4
1191,6136,13shefo8,富爾特科技股份有限公司,富爾特,True,3,101.1,93.2,77.6,72.4
1175,6116,7k27b1c,瀚宇彩晶股份有限公司,彩晶,True,6,90.6,73.5,83.2,72.4
826,3685,o9ecieo,元創精密車業股份有限公司,元創精密,True,0,81.5,113.5,68.0,72.4
962,4722,ywhp3ww,國精化學股份有限公司,國精化,True,13,90.9,76.5,78.6,72.4
1428,6680,b6f37qw,鑫創電子股份有限公司,鑫創電子,True,5,138.1,88.0,79.7,72.3
1301,6276,fq734pk,安鈦克科技股份有限公司,安鈦克,True,1,138.1,118.7,82.3,72.3
947,4577,13jkypeo,達航科技股份有限公司,達航科技,True,4,134.7,72.5,80.9,72.3
1165,6101,as3kyiw,寬魚國際股份有限公司,寬魚國際,True,0,122.0,140.5,79.5,72.1
837,3705,1a2x6bkebs,永信國際投資控股股份有限公司,永信,True,0,88.8,151.2,85.2,72.1
217,1909,fpnhl0o,榮成紙業股份有限公司,榮成,True,51,84.9,81.2,75.1,72.1
1370,6534,1a2x6bioe6,正瀚生技股份有限公司,正瀚-創,True,16,88.8,149.0,134.1,72.0
1290,6259,12tfj4yg,百徽股份有限公司,百徽,True,0,94.0,102.3,71.7,72.0
1557,8097,a79ehi0,常珵科技股份有限公司,常珵,True,15,101.1,111.9,90.4,72.0
1278,6236,7e64hn4,康呈科技股份有限公司,中湛,True,0,95.4,88.0,88.8,71.9
741,3490,aqvz5eo,單井工業股份有限公司,單井,False,0,90.6,97.4,80.2,71.9
1673,9917,1a2x6bi0fy,中興保全科技股份有限公司,中保科,True,144,95.4,82.2,78.9,71.8
612,3090,12n50mgg,日電貿股份有限公司,日電貿,True,13,94.0,82.4,81.8,71.8
846,3714,0,富采投資控股股份有限公司,富采,False,0,90.6,97.8,91.4,71.8
1511,7556,wbzfqxs,意德士科技股份有限公司,意德士科技,True,7,193.8,109.2,86.2,71.7
1661,8942,159vq508,森鉅科技材料股份有限公司,森鉅,True,3,95.4,92.5,81.0,71.6
561,3019,poug9kg,亞洲光學股份有限公司,亞光,True,17,90.6,84.2,85.4,71.6
1571,8147,a975vzs,正淩精密工業股份有限公司,正淩,True,23,94.0,80.2,80.9,71.5
305,2342,a5h8meo,台灣茂矽電子股份有限公司,茂矽,True,19,193.8,83.0,80.8,71.5
712,3379,2c4yqkw,彬台公司_彬台科技股份有限公司,彬台,True,11,81.5,83.2,78.4,71.4
1425,6670,1a2x6bi0dd,復盛應用科技股份有限公司,復盛應用,True,32,85.4,76.3,89.0,71.4
195,1784,wji64jc,訊聯生物科技股份有限公司,訊聯,True,35,88.8,92.8,85.3,71.4
1273,6230,fmdzd7k,尼得科超眾科技股份有限公司,尼得科超眾,True,0,138.1,80.4,86.7,71.3
158,1618,ansbawh,合機電線電纜股份有限公司,合機,True,5,88.7,83.1,79.4,71.3
1050,5263,61m88hs,智崴資訊科技股份有限公司,智崴,True,16,122.0,79.3,80.3,71.3
982,4770,gkme2lk,上品綜合工業股份有限公司,上品,True,17,90.9,105.7,90.4,71.2
1262,6219,18rlt9nc,富旺國際開發股份有限公司,富旺,True,21,105.5,142.9,86.3,71.2
362,2424,29hc1uo,隴華電子股份有限公司,隴華,True,8,101.1,83.0,85.9,71.2
821,3672,7ox8vio,康聯訊科技股份有限公司,康聯訊,True,10,101.1,89.4,83.6,71.1
176,1726,yimzn2g,虹牌油漆_永記造漆工業股份有限公司,永記,True,15,90.9,80.1,77.8,71.1
700,3346,7t0yxd4,麗清科技股份有限公司,麗清,True,18,86.6,75.6,94.5,71.1
1085,5386,9r0q0wg,ALBATRON_青雲國際科技股份有限公司,青雲,True,5,138.1,89.4,81.8,71.1
304,2340,lpiyy2g,台亞半導體股份有限公司,台亞,True,82,193.8,81.6,82.0,71.1
44,1321,6wh7dc8,大洋塑膠工業股份有限公司,大洋,True,28,111.7,75.6,76.4,71.0
424,2511,x3plflc,太子建設開發股份有限公司,太子,True,8,105.5,94.7,78.2,70.9
1616,8424,5ollprc,惠普股份有限公司,惠普,True,2,105.5,74.7,76.4,70.9
49,1336,adl9dig,台翰精密科技股份有限公司,台翰,True,24,94.0,140.9,93.4,70.8
1305,6281,a3xycps,全國電子股份有限公司,全國電,True,80,110.9,74.2,76.5,70.8
1589,8255,7ozdxfs,朋程科技股份有限公司,朋程,True,19,81.5,88.1,85.8,70.7
567,3026,9li5mb4,禾伸堂企業股份有限公司,禾伸堂,True,35,94.0,88.2,81.7,70.7
528,2901,57xyvzk,欣欣大眾巿場股份有限公司,欣欣,True,0,67.7,88.0,76.9,70.7
1543,8076,15bsqff4,伍豐科技股份有限公司,伍豐,True,20,138.1,87.5,84.6,70.7
1225,6177,221qnds,達麗建設事業股份有限公司,達麗,True,20,105.5,127.5,77.6,70.6
887,4188,1a2x6bilsz,安克生醫股份有限公司,安克,True,1,88.8,115.1,87.0,70.6
613,3092,13njr1vk,鴻碩精密電工股份有限公司,鴻碩,True,0,94.0,284.0,69.7,70.5
1517,8028,12noo21s,昇陽國際半導體股份有限公司,昇陽半導體,True,20,193.8,81.8,79.5,70.5
1522,8039,7fw2qzs,台虹科技股份有限公司,台虹,True,27,94.0,84.0,77.6,70.5
1153,5902,a9rxcy0,德記洋行股份有限公司,德記,True,15,80.9,93.6,80.9,70.5
996,4930,dbdwq00,燦星網通股份有限公司,燦星網,True,4,88.7,77.5,69.8,70.4
781,3558,d3a2s9k,神準科技股份有限公司,神準,True,144,101.1,108.8,90.8,70.4
1287,6246,5ouja5c,臺龍電子股份有限公司,臺龍,True,1,90.6,99.7,70.1,70.4
238,2031,ggo78tk,新光鋼鐵股份有限公司,新光鋼,True,14,97.9,88.8,80.7,70.3
1393,6585,11fmo6ns,鼎基先進材料股份有限公司,鼎基,True,14,95.4,79.6,75.9,70.3
811,3630,wi1p34w,新鉅科技股份有限公司,新鉅科,True,13,90.6,91.5,80.3,70.3
19,1229,5ienadc,聯華實業控股股份有限公司,聯華,True,17,84.8,285.7,77.1,70.3
546,2949,1a2x6biqmj,欣新網股份有限公司,欣新網,True,9,100.7,90.8,77.7,70.3
1610,8410,vjvll48,森田印刷廠股份有限公司,森田,True,6,138.1,72.9,71.6,70.3
960,4720,21unm20,德淵企業股份有限公司,德淵,True,20,90.9,93.9,76.8,70.3
183,1735,aoqimu0,日勝化工股份有限公司,日勝化,True,6,90.9,83.5,78.8,70.3
719,3416,18j1qrxk,融程電訊股份有限公司,融程電,True,17,138.1,86.7,83.3,70.3
1426,6674,b8gsjt4,鋐寶科技股份有限公司,鋐寶科技,True,20,101.1,108.8,83.3,70.2
595,3056,7gzpfc0,總太地產開發股份有限公司,富華新,False,0,105.5,113.6,95.9,70.2
1309,6285,18posm48,啟碁科技股份有限公司,啟碁,True,202,101.1,112.0,117.0,70.2
1041,5222,7erk81s,全訊科技股份有限公司,全訊,True,1,193.8,85.2,79.7,70.1
1096,5439,agmi47s,高技企業股份有限公司,高技,True,27,94.0,83.3,79.8,70.1
1385,6574,10vptatk,霈方國際股份有限公司,霈方,True,13,88.8,84.2,87.8,70.1
40,1314,1f0kpe0,中國石油化學工業開發股份有限公司,中石化,True,53,111.7,78.0,76.0,69.9
1048,5251,13u1egu0,天鉞電子股份有限公司,天鉞電,True,5,90.6,115.8,78.8,69.9
873,4153,1524p5eo,鈺緯科技開發股份有限公司,鈺緯,True,6,88.8,92.4,81.8,69.8
828,3687,wd14t3s,茂為歐買尬數位科技股份有限公司,歐買尬,True,15,100.7,95.5,76.0,69.8
777,3552,pohvye0,同致電子企業股份有限公司,同致,True,64,134.7,95.4,84.3,69.6
1267,6224,7jrxeog,聚鼎科技股份有限公司,聚鼎,True,10,94.0,95.9,83.1,69.6
735,3466,5oob0ui,德晉科技股份有限公司,德晉,True,6,101.1,96.3,75.4,69.5
1603,8367,aoisont,建新國際股份有限公司,建新國際,True,26,127.2,75.5,72.9,69.5
1043,5230,dat50k8,雷笛克光學股份有限公司,雷笛克光學,True,7,90.6,68.1,83.1,69.5
881,4168,5trfuo0,台灣醣聯生技醫藥股份有限公司,醣聯,True,4,88.8,92.4,77.1,69.5
630,3162,13p051pk,精確實業股份有限公司,精確,True,0,81.5,137.2,74.6,69.5
769,3540,wgqlm3k,曜越科技股份有限公司,曜越,True,10,138.1,101.7,84.2,69.4
480,2718,5lqhbxc,全心投資控股股份有限公司,晶悅,True,15,105.5,149.7,93.7,69.4
1090,5410,p398dc,國眾電腦股份有限公司,國眾,True,28,107.4,82.3,74.5,69.4
1384,6570,cj0iykw,維田科技股份有限公司,維田,True,12,138.1,98.3,76.3,69.4
229,2020,kixqgrk,美亞鋼管廠股份有限公司,美亞,True,0,97.9,69.3,81.9,69.4
710,3374,7ovnv1s,精材科技股份有限公司,精材,True,4,193.8,96.7,92.3,69.4
961,4721,13tod7bc,美琪瑪國際股份有限公司,美琪瑪,True,3,90.9,76.6,81.6,69.4
139,1584,10wktbio,精剛精密科技股份有限公司,精剛,True,15,95.4,103.7,77.2,69.2
1625,8446,7qjl188,華研國際音樂股份有限公司,華研,True,1,122.0,106.8,77.8,69.2
1213,6164,fp3bs5s,華興電子工業股份有限公司,華興,True,5,90.6,89.4,68.2,69.1
1141,5604,nhimnqg,中連汽車貨運股份有限公司,中連,False,0,95.4,89.6,67.4,69.1
216,1907,132u3n80,永豐餘投資控股股份有限公司,永豐餘,True,59,84.9,238.0,77.5,69.1
578,3037,at8e1vc,欣興電子股份有限公司,欣興,True,297,94.0,76.3,85.4,69.1
1481,6821,alggiz4,聯寶電子股份有限公司,聯寶,True,9,94.0,90.9,83.2,69.0
809,3628,7jyrof4,盈正豫順電子股份有限公司,盈正,True,38,134.7,81.6,79.6,69.0
1448,6728,1a2x6bix9z,上洋產業股份有限公司,上洋,True,80,80.9,85.0,79.7,69.0
456,2611,fjvc8zk,志信國際股份有限公司,志信,True,1,127.2,115.3,65.9,68.9
1065,5309,9jgwyk0,系統電子工業股份有限公司,系統電,True,59,94.0,108.4,90.0,68.8
1067,5312,at5q9kg,寶島光學科技股份有限公司,寶島科,True,167,88.8,82.9,81.3,68.8
120,1531,dkigrew,高林股份有限公司,高林股,True,6,81.5,75.2,74.8,68.7
755,3520,a50tp9c,華盈電子股份有限公司,華盈,True,6,94.0,92.2,77.4,68.7
1327,6432,5tu7k68,今展科技股份有限公司,今展科,True,9,94.0,87.0,79.0,68.6
1500,6877,1a2x6bj184,鏵友益科技股份有限公司,鏵友益,True,25,134.7,82.4,76.3,68.6
1036,5210,amk1yk8,寶碩財務科技股份有限公司,寶碩,True,15,107.4,76.9,76.5,68.5
607,3081,7czgnio,聯亞光電工業股份有限公司,聯亞,True,16,101.1,84.8,79.3,68.4
28,1264,arbyj54,德麥食品股份有限公司,德麥,True,14,84.8,90.5,83.4,68.4
1299,6274,1xw3soo,台燿科技股份有限公司,台燿,True,35,94.0,85.7,78.6,68.4
1407,6624,7qw380o,萬年清環境工程股份有限公司,萬年清,True,8,95.1,81.8,77.8,68.4
1160,6020,ajnai6o,大展證券股份有限公司,大展證,True,31,127.1,117.3,65.5,68.4
1365,6527,biepeqw,明達醫學科技股份有限公司,明達醫,True,10,88.8,114.9,79.1,68.4
802,3611,d5edmu8,鼎翰科技股份有限公司,鼎翰,True,16,138.1,97.9,86.3,68.3
1564,8109,13ut1u60,博大科技股份有限公司,博大,True,12,94.0,82.3,77.6,68.3
1324,6419,cyl0sl4,京晨科技股份有限公司,京晨科,True,0,90.6,77.3,82.9,68.3
1236,6190,25avbjc,萬泰科技股份有限公司,萬泰科,True,13,101.1,83.6,84.4,68.2
325,2368,e7y1qlc,金像電子股份有限公司,金像電,True,42,94.0,96.3,87.7,68.2
165,1711,73nkc7s,臺灣永光化學工業股份有限公司,永光,True,74,90.9,69.0,71.8,68.2
1169,6109,awep4m8,亞元科技股份有限公司,亞元,True,8,101.1,92.3,74.5,68.1
1633,8476,10x62k4o,台境企業股份有限公司,台境,True,28,95.1,79.0,79.0,68.0
422,2506,53k2a5k,太平洋建設股份有限公司,太設,True,10,105.5,49.9,75.3,68.0
1223,6175,12v924kg,立敦科技股份有限公司,立敦,True,0,94.0,78.7,72.3,67.9
1664,9904,qyz0sc1,寶成工業股份有限公司,寶成,True,175,85.4,82.9,87.7,67.9
995,4923,d76w56g,力士科技股份有限公司,力士,True,2,193.8,111.2,80.5,67.8
1419,6661,10togs6g,威健股份有限公司,威健生技,True,3,88.8,85.2,76.4,67.7
969,4739,13usy9b4,康普材料科技股份有限公司,康普,True,14,90.9,71.2,78.8,67.6
783,3564,5tcjwoo,明基佳世達集團_其陽科技股份有限公司,其陽,True,23,101.1,94.3,84.0,67.5
204,1805,5lfeayg,寶徠建設股份有限公司,寶徠,True,0,105.5,112.4,70.6,67.5
172,1721,plt4ztc,三晃股份有限公司,三晃,True,20,90.9,71.5,70.9,67.5
668,3265,wet8hhs,台星科股份有限公司,台星科,False,0,193.8,90.4,86.2,67.5
716,3402,ay3xxaw,漢科系統科技股份有限公司,漢科,True,61,134.7,96.6,83.2,67.5
279,2241,ojfws20,艾姆勒科技股份有限公司,艾姆勒,True,14,86.6,76.1,73.9,67.5
1077,5348,a5hkotk,正能量智能股份有限公司,正能量智能,True,0,101.1,77.1,71.2,67.5
1060,5292,asimpm0,華懋科技股份有限公司,華懋,True,32,95.1,80.3,75.8,67.5
1298,6271,1xwmz9s,同欣電子工業股份有限公司,同欣電,True,34,193.8,93.7,94.8,67.4
922,4533,gkz1n28,協易機械工業股份有限公司,協易機,True,12,81.5,85.4,72.5,67.4
603,3067,29lrwhc,全域股份有限公司,全域,True,0,134.7,89.5,67.8,67.4
497,2756,1128rki8,Share tea / 歇腳亭 / UG / MAMAK檔_聯發國際餐飲事業股份有限公司,聯發國際,True,63,57.2,75.1,77.8,67.4
214,1905,17707q0w,中華紙漿股份有限公司,華紙,True,44,84.9,77.6,72.7,67.3
1021,4995,wimho7k,晶達光電股份有限公司,晶達,True,13,90.6,81.9,76.4,67.3
1598,8341,15b59ew8,日友環保科技股份有限公司,日友,True,16,95.1,107.7,80.6,67.3
7,1201,57o6s28,味全食品工業股份有限公司,味全,True,73,84.8,74.3,72.8,67.3
6,1110,125yuq0w,東南水泥股份有限公司,東泥,True,7,88.9,71.3,76.3,67.3
830,3691,1a2x6blp7p,碩禾電子材料股份有限公司,碩禾,True,9,90.6,76.8,79.2,67.3
471,2643,5qe1cpc,捷迅股份有限公司,捷迅,True,7,127.2,64.9,80.2,67.3
338,2387,13mblwrs,精元電腦股份有限公司,精元,True,9,138.1,97.3,74.2,67.2
138,1583,o1txua8,程泰機械股份有限公司,程泰,True,14,81.5,72.8,72.1,67.2
1250,6206,9r43ko8,飛捷科技股份有限公司,飛捷,True,24,138.1,93.3,84.1,67.1
993,4916,5yzz8cg,事欣科技股份有限公司,事欣科,True,0,138.1,136.0,64.4,67.1
1304,6279,9jbmmpc,胡連精密股份有限公司,胡連,True,36,94.0,86.4,81.9,67.1
1228,6182,7ewbe34,合晶科技股份有限公司,合晶,True,16,193.8,61.4,72.8,67.1
589,3049,wi2uotk,精金科技股份有限公司,精金,True,26,90.6,74.8,75.1,67.0
787,3577,12trezqg,泓格科技股份有限公司,泓格,True,15,138.1,71.9,73.9,66.9
530,2904,5lov5sg,匯僑股份有限公司,匯僑,True,3,95.4,90.6,68.3,66.9
680,3294,13oa60g0,英濟股份有限公司,英濟,True,27,94.0,93.3,81.0,66.9
1528,8047,aqc2780,星雲電腦股份有限公司,星雲,True,6,134.7,82.3,76.1,66.8
796,3594,12syxbco,磐儀科技股份有限公司,磐儀,True,20,138.1,80.8,77.2,66.8
653,3224,7nhfxeg,三顧股份有限公司,三顧,True,23,110.9,73.0,80.3,66.8
1704,9962,18hxclmg,有益鋼鐵股份有限公司,有益,True,10,97.9,76.4,67.8,66.7
848,4102,q0ef2xk,永日化學工業股份有限公司,永日,True,10,88.8,79.9,73.3,66.7
1201,6148,13q0vuuo,驊宏資通股份有限公司,驊宏資,False,0,107.4,90.1,75.8,66.7
919,4529,aeswon4,淳紳股份有限公司,淳紳,True,0,95.4,101.9,64.5,66.7
1026,5013,12wu6fko,強新工業股份有限公司,強新,True,14,97.9,72.0,69.0,66.6
1558,8099,wifk2vc,大同世界科技股份有限公司,大世科,True,88,107.4,81.5,80.5,66.6
1617,8431,dcmmgm8,匯鑽科技股份有限公司,匯鑽科,True,12,134.7,94.7,65.4,66.6
166,1712,nuiw5c0,興農股份有限公司,興農,True,57,90.9,76.3,75.2,66.6
1170,6111,7mqw92w,大宇資訊股份有限公司,大宇資,True,5,122.0,131.8,75.2,66.6
322,2364,10p4nrqo,倫飛電腦實業股份有限公司,倫飛,True,11,138.1,100.7,80.2,66.5
416,2496,a5hn40g,卓越成功股份有限公司,卓越,False,0,95.4,226.9,82.0,66.5
426,2515,yhxkbog,中華工程股份有限公司,中工,True,172,105.5,108.3,74.2,66.5
380,2449,ac88aaw,京元電子股份有限公司,京元電子,True,34,193.8,74.8,79.2,66.5
1220,6171,155r7dzc,大城地產股份有限公司,大城地產,False,0,105.5,67.9,71.2,66.5
803,3615,d8ig5w8,安可光電股份有限公司(錸德集團),安可,True,0,90.6,85.3,80.4,66.5
683,3303,aybgbvc,岱稜科技股份有限公司,岱稜,True,2,134.7,79.5,73.5,66.5
260,2105,rc3g2oh,正新橡膠工業股份有限公司,正新,True,40,76.4,74.3,70.3,66.4
956,4711,g4mtbu8,永純化學工業股份有限公司,永純,False,0,90.9,76.7,69.5,66.4
554,3011,9mh81u8,今皓實業股份有限公司,今皓,False,0,94.0,98.7,76.1,66.4
722,3430,7hja5pc,奇鈦科技股份有限公司,奇鈦科,True,9,90.9,72.0,72.9,66.4
1130,5523,ulxe6q0,豐謙建設股份有限公司,豐謙,True,0,105.5,103.7,75.9,66.3
1666,9906,fculecg,欣巴巴事業股份有限公司,欣巴巴,True,33,105.5,97.0,80.4,66.3
1437,6697,azqqrbk,東捷資訊服務股份有限公司,東捷資訊,True,33,107.4,84.0,85.3,66.3
405,2482,hnksdjk,連宇股份有限公司,連宇,True,1,134.7,85.9,83.5,66.3
1550,8086,7ermy1k,宏捷科技股份有限公司,宏捷科,True,55,193.8,70.4,71.5,66.2
1602,8358,7k0hd3k,金居開發股份有限公司,金居,True,11,94.0,77.0,71.2,66.2
1615,8422,7rmo4bk,可寧衛集團_可寧衛股份有限公司,可寧衛,True,35,95.1,121.5,85.9,66.2
1023,5007,v99mblc,三星科技股份有限公司,三星,True,9,97.9,69.0,70.2,66.2
764,3531,o4yymd4,先益電子工業股份有限公司,先益,True,2,90.6,77.4,78.3,66.2
1555,8093,awdkxuw,保銳科技股份有限公司,保銳,True,0,94.0,82.0,68.5,66.2
371,2433,5qzuhd4,互盛股份有限公司,互盛電,True,62,134.7,61.1,71.7,66.2
1294,6265,7jttxi0,Kuen Chaang Uppertech Corp._堃昶股份有限公司,方方土昶,True,0,110.9,129.0,67.4,66.1
851,4106,auuccco,雃博股份有限公司,雃博,True,9,88.8,83.9,80.5,66.1
661,3234,7g3p180,光環科技股份有限公司,光環,True,2,101.1,79.5,76.1,66.0
891,4207,5r7g3o8,環泰企業股份有限公司,環泰,True,11,84.8,71.1,67.7,66.0
627,3147,13j9o5ls,大綜電腦系統股份有限公司,大綜,True,43,107.4,102.6,93.8,66.0
193,1781,18p8bbbk,合世生醫科技股份有限公司,合世,True,9,88.8,80.3,71.1,66.0
601,3064,wftqhi8,泰偉電子股份有限公司,泰偉,True,7,122.0,78.6,75.4,66.0
327,2371,52cwahd,大同股份有限公司,大同,True,83,81.5,76.2,73.9,65.9
1670,9911,am9fy8w,台灣櫻花股份有限公司,櫻花,True,43,80.9,81.0,77.5,65.9
890,4205,z24rp8o,中華食品實業股份有限公司,中華食,True,16,84.8,76.3,67.8,65.9
883,4173,2bvoz5c,久裕企業股份有限公司,久裕,True,18,88.8,78.6,73.8,65.7
1086,5388,13tpbu88,中磊電子股份有限公司,中磊,True,53,101.1,126.7,102.3,65.7
257,2102,kjlyz9c,泰豐輪胎股份有限公司,泰豐,True,0,76.4,52.7,71.1,65.7
983,4806,wew7jns,桂田文創娛樂股份有限公司,桂田文創,True,12,122.0,91.2,83.6,65.7
1678,9925,5msc8qo,台灣新光保全股份有限公司(SKS),新保,True,195,95.4,70.3,69.8,65.6
823,3679,gjkhc74,新至陞科技股份有限公司,新至陞,True,40,94.0,168.5,71.7,65.4
385,2455,18n0sg1s,全新光電科技股份有限公司,全新,True,7,101.1,95.3,90.0,65.4
776,3551,7dcdwqw,世禾科技股份有限公司,世禾,True,22,95.1,76.0,76.0,65.4
1373,6542,oeey0f4,隆中網絡股份有限公司,隆中,True,29,122.0,78.9,88.8,65.4
1009,4960,crlmg34,誠美材料科技股份有限公司,誠美材,True,31,90.6,70.7,66.6,65.3
1690,9939,qq4sj6g,宏全國際股份有限公司,宏全,True,34,95.4,75.4,70.8,65.3
616,3095,fhqg3fs,及成企業股份有限公司,及成,True,16,101.1,70.2,70.0,65.3
1011,4967,18r4dv88,十銓科技股份有限公司,十銓,True,25,193.8,79.9,79.4,65.3
202,1799,7m1fewo,易威生醫科技股份有限公司,易威,True,1,88.8,166.0,64.8,65.3
1341,6470,ckqydzk,宇智網通股份有限公司,宇智,True,22,101.1,95.8,82.7,65.2
1619,8433,5ri9gnc,弘帆股份有限公司,弘帆,True,0,80.9,169.0,76.7,65.2
709,3373,wffics0,熱映光電股份有限公司,熱映,True,3,134.7,95.3,72.5,65.2
1138,5548,1ykjn2g,安倉營造股份有限公司,安倉,True,15,105.5,77.3,78.1,65.1
95,1472,389fk7s,三洋實業股份有限公司,三洋實業,True,3,105.5,98.1,80.3,65.1
5,1109,1i8j7so,信大水泥股份有限公司,信大,True,0,88.9,67.6,68.3,65.0
72,1443,1ywnn20,立益物流開發股份有限公司,立益物流,True,5,95.4,76.9,65.7,65.0
328,2373,1n0j728,震旦集團_震旦行股份有限公司,震旦行,True,9,134.7,72.4,74.9,65.0
162,1708,589zb48,東南實業股份有限公司,東鹼,True,3,90.9,77.2,72.0,65.0
929,4542,whqtpmo,科嶠工業股份有限公司,科嶠,True,11,94.0,77.4,70.2,65.0
1429,6683,d1nyvmg,雍智科技股份有限公司,雍智科技,True,47,193.8,85.9,83.4,64.9
608,3083,wempj5s,中華網龍股份有限公司,網龍,True,12,122.0,81.9,77.7,64.7
916,4526,14hcw400,東台精機股份有限公司,東台,True,14,81.5,63.2,66.3,64.6
1116,5489,13kvx5w0,彩富電子股份有限公司,彩富,True,22,134.7,75.1,74.4,64.5
1416,6655,10ulnizc,KD_科定企業股份有限公司,科定,True,62,95.4,81.4,70.5,64.5
453,2608,nfpc8rk,嘉里大榮物流股份有限公司,嘉里大榮,True,194,127.2,65.0,67.8,64.5
1079,5353,5n29k60,台林電通股份有限公司,台林,True,19,101.1,87.7,76.6,64.5
1641,8908,3m0ioxk,欣雄天然氣股份有限公司,欣雄,True,8,102.0,85.4,72.2,64.4
344,2397,e7v7vxc,友通資訊股份有限公司,友通,True,11,138.1,81.2,81.9,64.4
293,2321,lozzlrc,東訊股份有限公司,東訊,True,26,101.1,90.2,78.1,64.4
1700,9951,xuzgw2w,皇田工業股份有限公司,皇田,True,10,81.5,78.4,71.9,64.3
1412,6645,ckatcjs,金萬林企業股份有限公司,金萬林-創,True,8,88.8,84.5,76.5,64.3
168,1714,5r60ntk,和桐化學股份有限公司,和桐,True,14,90.9,91.2,78.1,64.3
1210,6160,alcg2cw,欣技資訊股份有限公司,欣技,True,37,138.1,77.9,73.8,64.2
298,2329,14vys25k,華泰電子股份有限公司,華泰,True,57,193.8,69.7,73.1,64.2
1197,6143,7e01nk0,振曜科技股份有限公司,振曜,True,17,101.1,72.2,71.1,64.2
461,2616,fm13wso,山隆通運股份有限公司,山隆,True,66,102.0,55.3,74.6,64.2
125,1537,atkywc8,廣隆光電科技股份有限公司,廣隆,True,5,81.5,92.1,78.4,64.1
697,3332,13ifpqay,幸康電子股份有限公司,幸康,True,16,94.0,76.1,76.1,64.1
998,4933,111yxm80,友輝光電股份有限公司,友輝,True,21,90.6,77.4,72.5,64.0
817,3653,aaptjn4,健策精密工業股份有限公司,健策,True,94,94.0,101.3,81.8,64.0
1586,8234,13x18iow,新漢股份有限公司,新漢,True,97,138.1,75.4,73.2,64.0
256,2101,5aj92a0,南港輪胎股份有限公司,南港,True,32,76.4,76.1,72.7,63.9
1457,6753,inkt9ow,龍德造船工業股份有限公司,龍德造船,True,26,127.2,78.6,73.9,63.9
401,2477,fi62oiw,美隆工業股份有限公司,美隆電,True,15,134.7,82.4,73.4,63.8
1537,8068,7co74r4,全達國際股份有限公司,全達,True,1,110.9,92.6,76.3,63.8
1091,5425,fr19ld4,台灣半導體股份有限公司,台半,True,33,193.8,87.1,82.1,63.8
1243,6198,7p5zbqg,瑞築建設股份有限公司,瑞築,True,4,105.5,85.3,74.8,63.7
1251,6207,ahom1vk,雷科股份有限公司,雷科,True,3,94.0,64.3,70.3,63.7
53,1409,3eyww3c,新光合成纖維股份有限公司,新纖,True,47,72.4,61.9,65.1,63.6
290,2314,lpiuzbk,台揚科技股份有限公司,台揚,True,11,101.1,94.4,85.0,63.5
1280,6239,7dyysmw,力成科技股份有限公司,力成,True,49,193.8,72.2,80.4,63.5
1398,6593,9hxuu2o,台灣銘板股份有限公司,台灣銘板,True,4,107.4,77.9,72.1,63.5
609,3085,159q8jkw,創新新零售股份有限公司,新零售,True,0,100.7,67.4,63.8,63.5
974,4747,g8lagrc,強生化學製藥廠股份有限公司,強生製藥,True,8,88.8,79.6,70.0,63.4
9,1210,xjf9b4o,大成長城企業股份有限公司,大成,True,181,84.8,74.3,75.6,63.4
1289,6257,anzesfk,矽格股份有限公司,矽格,True,62,193.8,78.6,77.0,63.4
1531,8050,wdlkbi0,廣積科技股份有限公司,廣積,True,73,138.1,82.1,84.5,63.3
211,1817,ag6pib4,凱撒衛浴股份有限公司,凱撒衛,True,16,60.6,76.9,75.7,63.3
431,2528,11c38b2w,皇普建設股份有限公司,皇普,True,35,105.5,99.3,79.4,63.3
254,2070,15a1qei0,精湛光學科技股份有限公司,精湛,True,15,81.5,78.8,67.9,63.2
1609,8409,ag4yoqg,商之器科技股份有限公司,商之器,True,0,88.8,78.6,71.0,63.2
315,2355,k4myeg0,敬鵬工業股份有限公司,敬鵬,True,68,94.0,70.9,70.2,63.2
770,3541,b0i93bs,西柏科技股份有限公司,西柏,True,42,134.7,74.8,76.0,63.1
944,4568,1a2x6bis2f,科際精密股份有限公司,科際精密,True,5,81.5,89.3,75.8,63.1
17,1225,a5j4ya8,福懋油脂股份有限公司,福懋油,True,8,84.8,73.7,69.0,63.1
1553,8091,13pi4608,翔名科技股份有限公司,翔名,True,31,193.8,80.3,71.7,63.1
43,1319,vdzxk4o,東陽實業廠股份有限公司,東陽,True,27,86.6,69.3,74.8,63.0
1629,8463,1a2x6bm55a,潤泰精密材料股份有限公司,潤泰材,True,23,95.4,79.6,73.4,63.0
1688,9937,ajp520o,全國加油站股份有限公司,全國,True,39,102.0,40.8,68.0,63.0
1321,6416,d35de9s,瑞祺電通股份有限公司,瑞祺電通,True,37,101.1,78.2,72.3,63.0
723,3432,aj79ht4,台端興業股份有限公司,台端,True,1,94.0,118.1,72.6,63.0
880,4167,111okcq0,松瑞製藥股份有限公司,松瑞藥,True,18,88.8,74.3,68.0,62.9
660,3232,afxisg0,昱捷股份有限公司,昱捷,True,5,110.9,83.8,73.4,62.9
368,2430,vyizvag,燦坤實業股份有限公司,燦坤,True,440,110.9,47.3,66.3,62.9
296,2327,aed9jhs,國巨股份有限公司,國巨,True,75,94.0,76.7,74.5,62.9
788,3580,10s9aapc,友威科技股份有限公司,友威科,True,10,134.7,75.4,72.1,62.8
159,1701,1a2x6bmiyo,中化控股_中國化學製藥股份有限公司,中化,True,54,88.8,75.6,73.7,62.8
1219,6170,5kp80w0,統振股份有限公司,統振,True,11,101.1,212.8,90.9,62.8
915,4523,ach8cyw,永彰科技股份有限公司,永彰,True,25,81.5,81.9,71.2,62.8
856,4113,7epadag,聯上實業股份有限公司,聯上,True,1,105.5,88.0,62.7,62.8
396,2468,5kddjhs,華經資訊企業股份有限公司,華經,True,28,107.4,81.0,73.7,62.7
1218,6169,ap9yac0,昱泉國際股份有限公司,昱泉,True,17,122.0,74.8,69.9,62.7
1440,6706,wh7d6hs,惠特科技股份有限公司,惠特,True,28,90.6,50.2,76.4,62.6
1420,6662,5wpy32o,樂斯科生物科技股份有限公司,樂斯科,True,9,88.8,75.4,70.3,62.5
1702,9958,aekmp0o,世紀鋼鐵結構股份有限公司,世紀鋼,True,10,97.9,72.4,69.6,62.5
350,2406,18n5hutc,國碩科技工業股份有限公司,國碩,True,6,90.6,71.9,69.7,62.5
749,3508,5x99680,位速科技股份有限公司,位速,True,9,134.7,76.3,76.0,62.5
1173,6114,k5p2ak8,久威國際股份有限公司,久威,True,0,94.0,77.1,75.9,62.4
694,3323,7h3w268,加百裕工業股份有限公司,加百裕,True,6,138.1,82.4,75.9,62.4
1587,8240,12brd9d4,華宏新技股份有限公司,華宏,True,27,90.6,72.9,70.6,62.3
175,1725,5kn3kko,元禎企業股份有限公司,元禎,True,18,90.9,75.6,71.6,62.3
604,3071,15oeqvvs,協禧電機股份有限公司,協禧,True,8,138.1,73.9,71.2,62.3
1221,6173,auzfx5c,信昌電子陶瓷股份有限公司,信昌電,True,14,94.0,67.5,71.5,62.3
223,2010,5aojo5s,春源鋼鐵工業股份有限公司,春源,True,70,97.9,67.5,71.7,62.3
207,1809,lm8f9hs,中國製釉股份有限公司,中釉,True,14,60.6,68.6,72.0,62.2
978,4764,12xodwhs,雙鍵化工股份有限公司,雙鍵,True,8,90.9,70.1,68.1,62.2
1462,6762,cmnrl00,達亞國際股份有限公司,達亞,True,40,88.8,74.7,72.1,62.2
1102,5460,fhcwzy0,同協電子股份有限公司,同協,True,0,94.0,76.4,69.3,62.2
1530,8049,7jw7jag,晶采光電科技股份有限公司,晶采,True,10,90.6,94.1,83.4,62.2
1644,8921,79mvkyw,沈氏藝術印刷股份有限公司,沈氏,True,15,95.4,72.7,68.2,62.2
954,4706,52rs328,大恭化學工業股份有限公司,大恭,True,4,90.9,63.9,64.3,62.1
134,1569,z3likt4,濱川企業股份有限公司,濱川,True,4,138.1,85.0,65.8,62.1
1029,5016,13bv41q8,松和工業股份有限公司,松和,True,0,97.9,65.0,66.6,62.1
670,3268,13k10j3s,海德威電子工業股份有限公司,海德威,True,1,193.8,75.3,64.4,62.1
156,1616,ahe9d7k,億泰電線電纜股份有限公司,億泰,True,8,88.7,72.1,69.7,62.0
155,1615,ts5rrf4,大山電線電纜股份有限公司,大山,True,9,88.7,69.5,69.1,62.0
943,4566,1a2x6bjwsx,時碩工業股份有限公司,時碩工業,True,11,81.5,78.4,74.4,62.0
1282,6241,13qmpey0,易通展科技股份有限公司,易通展,True,3,101.1,78.1,74.2,62.0
1623,8440,7n4r3ew,綠電再生股份有限公司,綠電,True,3,95.1,75.4,73.2,61.9
894,4305,a8hwdpk,世堃塑膠股份有限公司,世坤,True,6,111.7,83.3,73.7,61.8
1402,6606,g7y4lgw,建德工業股份有限公司,建德工業,True,2,81.5,80.1,62.9,61.8
382,2451,arr95o8,創見資訊股份有限公司,創見,True,18,193.8,76.7,76.3,61.8
814,3645,wiiqks8,達邁科技股份有限公司,達邁,True,18,94.0,66.7,65.7,61.8
1293,6264,18s3lbbc,富裔實業股份有限公司,富裔,True,11,105.5,78.9,73.6,61.7
1269,6226,adsj0hs,光鼎電子股份有限公司,光鼎,True,7,90.6,93.8,76.5,61.6
390,2461,a5hd5zk,光群雷射科技股份有限公司,光群雷,True,8,134.7,81.0,72.3,61.6
197,1786,61ml6jk,科妍生物科技股份有限公司,科妍,True,18,88.8,94.2,71.5,61.6
1125,5516,lpi3f1c,雙喜營造股份有限公司,雙喜,True,13,105.5,69.2,70.6,61.6
1406,6615,1a2x6bi3k2,慧智基因股份有限公司,慧智,True,15,88.8,76.9,67.3,61.5
1148,5706,579dd4o,鳳凰國際旅行社股份有限公司,鳳凰,True,14,57.2,68.5,86.7,61.5
642,3202,i71egww,樺晟電子股份有限公司,樺晟,True,3,94.0,71.6,69.9,61.5
1681,9928,8iw82gg,中視_中國電視事業股份有限公司,中視,True,22,95.4,64.8,68.4,61.5
1075,5345,ay2hqg0,天揚精密科技股份有限公司,天揚,True,0,95.4,90.6,80.4,61.4
1134,5531,auzqals,鄉林建設事業股份有限公司,鄉林,True,26,105.5,76.2,71.8,61.4
681,3296,5u30vs8,勝德國際研發股份有限公司,勝德,True,21,94.0,74.7,66.6,61.4
955,4707,0,磐亞股份有限公司,磐亞,False,0,90.9,79.6,68.0,61.4
1391,6582,1a2x6bk9de,申豐特用應材股份有限公司,申豐,True,10,76.4,60.1,67.6,61.4
179,1731,6h0t328,美吾華股份有限公司,美吾華,True,14,88.8,83.2,72.1,61.4
1111,5481,axgbnqg,新華泰富股份有限公司,新華,True,1,95.4,97.5,67.2,61.4
548,3003,r8bfho8,健和興端子股份有限公司,健和興,True,49,94.0,59.8,66.7,61.4
629,3152,7jy2rtc,璟德電子工業股份有限公司,璟德,True,2,101.1,66.3,75.7,61.3
1506,6916,7lc5l1s,華凌光電股份有限公司,華凌,True,55,90.6,75.2,63.0,61.3
1062,5301,e6gwitk,寶得利國際股份有限公司,寶得利,True,12,57.2,79.0,70.1,61.2
464,2630,588dcp4,亞洲航空股份有限公司,亞航,True,23,127.2,68.1,66.2,61.2
377,2441,2cs3tbk,超豐電子股份有限公司,超豐,True,23,193.8,68.9,73.7,61.0
717,3406,atuhpe0,玉晶光電股份有限公司,玉晶光,True,9,90.6,90.2,77.2,61.0
1308,6284,7miqs9k,佳邦科技股份有限公司,佳邦,True,22,94.0,82.2,69.6,61.0
121,1532,1lgijiw,勤美股份有限公司,勤美,True,24,81.5,87.3,77.5,61.0
633,3167,k6nu78g,大量科技股份有限公司,大量,True,15,81.5,62.6,64.0,61.0
861,4121,amf7xwg,優盛醫學科技股份有限公司,優盛,True,3,88.8,73.1,69.3,60.9
771,3543,wedfsi0,州巧科技股份有限公司,州巧,True,41,90.6,75.4,71.4,60.9
541,2937,150artlc,集雅社影音家電_集雅社股份有限公司,集雅社,True,37,80.9,68.0,71.9,60.9
170,1718,38vgcc8,中國人造纖維股份有限公司,中纖,True,17,90.9,64.2,65.4,60.8
562,3021,12pr25bc,鴻名企業股份有限公司,鴻名,True,27,94.0,60.9,72.3,60.8
119,1530,a7k0a3k,亞崴機電股份有限公司,亞崴,True,12,81.5,72.5,64.9,60.8
1245,6201,xv12b7k,亞弘電科技股份有限公司,亞弘電,True,7,134.7,67.9,65.4,60.8
117,1528,5b1jlu8,恩德科技股份有限公司,恩德,True,25,81.5,70.1,71.0,60.8
1217,6168,151tp1dk,宏齊科技股份有限公司,宏齊,True,45,90.6,67.8,71.0,60.7
194,1783,7p0ekvs,和康生物科技股份有限公司,和康生,True,15,88.8,98.2,77.4,60.7
248,2063,13stjzzk,世鎧精密股份有限公司,世鎧,True,7,97.9,72.3,67.4,60.7
534,2910,1a2x6bk072,統領百貨股份有限公司,統領,True,3,67.7,67.7,66.4,60.7
756,3521,a48ebfs,鴻翊國際股份有限公司,鴻翊,True,1,138.1,85.1,67.7,60.6
1561,8104,wiclbi8,錸寶科技股份有限公司(錸德集團),錸寶,True,2,90.6,86.2,70.6,60.6
1514,8021,18iree2g,尖點科技股份有限公司,尖點,True,11,134.7,71.1,69.1,60.6
1202,6150,7gk2qe0,撼訊科技股份有限公司,撼訊,True,16,138.1,88.6,70.8,60.6
15,1219,ptbi6vk,福壽實業股份有限公司,福壽,True,51,84.8,67.1,66.5,60.6
417,2497,r9abrr4,怡利電子工業股份有限公司,怡利電,True,31,86.6,74.4,67.9,60.6
1418,6658,60ba9rc,聯策科技股份有限公司,聯策,True,12,134.7,88.8,67.5,60.6
1489,6843,gi48bdk,進典工業股份有限公司,進典,True,10,81.5,84.1,73.5,60.5
262,2107,1iasn4g,厚生股份有限公司,厚生,True,4,76.4,84.8,66.3,60.5
1190,6134,achdycw,萬旭電業股份有限公司,萬旭,True,6,94.0,73.3,66.0,60.5
1055,5283,10wk889c,禾聯碩股份有限公司,禾聯碩,True,73,88.7,68.3,66.3,60.5
1439,6703,b6npqrc,軒郁國際股份有限公司,軒郁,True,16,88.8,121.7,73.5,60.4
366,2428,12f8subk,興勤電子工業股份有限公司,興勤,True,27,94.0,81.5,81.5,60.4
205,1806,mtz5i9c,冠軍建材股份有限公司,冠軍,True,56,60.6,62.5,67.5,60.3
1288,6248,hnlvkt4,台灣鋼鐵集團_沛波鋼鐵股份有限公司,沛波,True,34,97.9,76.4,67.8,60.3
1600,8349,w4ae0xc,恒耀國際股份有限公司,恒耀國際,True,32,97.9,61.4,66.1,60.2
540,2926,cuah2ls,誠品生活股份有限公司,誠品生活,True,125,122.0,68.9,73.9,60.2
901,4417,167dz4e0,金洲海洋科技股份有限公司,金洲,True,0,72.4,77.5,72.1,60.2
1401,6605,r9hx7w1,帝寶工業股份有限公司,帝寶,True,37,86.6,63.3,66.4,60.1
64,1435,1fatguo,中福國際股份有限公司,中福,True,1,95.4,87.8,79.9,60.1
143,1595,7qu9qrk,川寶科技股份有限公司,川寶,True,9,94.0,113.1,70.0,59.9
184,1736,o1q9m94,喬山健康科技股份有限公司,喬山,True,120,85.4,74.7,71.9,59.9
888,4192,1a2x6biqja,杏國新藥股份有限公司,杏國,True,4,88.8,80.9,65.1,59.9
1473,6792,ai4uqhk,詠業科技股份有限公司,詠業,True,29,101.1,76.0,72.3,59.9
1182,6124,1303sgq8,業強科技股份有限公司,業強,True,6,94.0,94.0,68.0,59.8
984,4903,9qzs9mg,聯合光纖通信股份有限公司,聯光通,True,4,101.1,98.5,54.9,59.8
400,2476,20trqtc,鉅祥企業股份有限公司,鉅祥,True,15,94.0,69.0,67.4,59.8
641,3191,13k0u5xs,和進電子股份有限公司,雲嘉南,False,0,94.0,113.0,55.6,59.8
188,1760,26fuvwo,寶齡富錦生技股份有限公司,寶齡富錦,True,26,88.8,80.1,74.2,59.8
841,3709,0,鑫聯大投資控股股份有限公司,鑫聯大投控,False,0,138.1,292.1,74.4,59.8
1231,6185,aitn9ns,幃翔精密股份有限公司,幃翔,True,8,94.0,78.8,58.9,59.6
1068,5314,a5hnqe0,世紀民生科技股份有限公司,世紀,True,10,193.8,82.4,52.7,59.6
80,1453,3hzi214,大將開發股份有限公司,大將,False,0,105.5,70.0,56.5,59.6
60,1419,3ez55xk,新光紡織股份有限公司,新紡,True,53,72.4,76.3,70.1,59.6
1271,6228,12ugue7k,全譜科技股份有限公司,全譜,True,3,138.1,76.3,65.9,59.6
483,2727,12vmrqmo,王品餐飲股份有限公司,王品,True,1123,57.2,47.9,72.9,59.5
1663,9902,1mwwmg0,台火開發股份有限公司,台火,False,0,95.4,73.4,60.0,59.5
671,3272,12naj85c,東碩資訊股份有限公司,東碩,True,36,138.1,80.6,68.3,59.5
1607,8401,whqze3s,白紗科技印刷股份有限公司,白紗科,True,14,95.4,67.8,66.1,59.5
413,2492,8qaog2o,華新科技股份有限公司,華新科,True,51,94.0,52.2,65.7,59.5
20,1231,3h6rdko,聯華食品工業股份有限公司,聯華食,True,82,84.8,70.5,68.7,59.5
1368,6532,7j53yx4,瑞耘科技股份有限公司,瑞耘,True,13,193.8,66.0,65.3,59.4
1359,6512,cx9uu1k,啟發電子股份有限公司,啟發電,True,13,134.7,87.0,73.6,59.3
825,3684,154z9slc,榮昌科技股份有限公司,榮昌,True,12,101.1,93.0,75.3,59.3
311,2351,qvlg45c,SDI_順德工業股份有限公司,順德,True,47,193.8,69.3,69.2,59.3
458,2613,hx88hzc,中國貨櫃運輸股份有限公司,中櫃,True,29,127.2,62.7,61.9,59.2
1568,8114,5qyprbc,振樺電子股份有限公司,振樺電,True,9,138.1,70.3,73.6,59.1
674,3285,156n7wq0,微端科技股份有限公司,微端,True,1,134.7,88.0,67.3,59.1
1573,8155,1543bto8,博智電子股份有限公司,博智,True,29,94.0,72.7,65.3,59.0
986,4905,ayz1iuw,台聯電訊股份有限公司,台聯電,True,10,101.1,123.8,63.3,59.0
1454,6747,1a2x6bjfx5,亨泰光學股份有限公司,亨泰光,True,9,88.8,82.9,72.4,59.0
966,4735,18jmz780,豪展醫療科技股份有限公司,豪展,True,5,88.8,125.7,75.2,58.9
381,2450,5m8im5k,中華電信關係企業_神腦國際企業股份有限公司,神腦,True,207,101.1,64.3,63.2,58.9
1442,6712,1a2x6bjx4v,長聖國際生技股份有限公司,長聖,True,2,88.8,69.5,63.9,58.9
675,3287,wbmod4o,廣寰科技股份有限公司,廣寰科,True,0,138.1,115.6,66.2,58.9
114,1525,g4yyj1c,江申工業股份有限公司,江申,True,17,86.6,63.0,64.4,58.9
907,4433,ap1r63s,興采實業股份有限公司,興采,True,45,72.4,68.1,66.1,58.8
1628,8462,cpzu774,健身工廠_柏文健康事業股份有限公司,柏文,True,284,85.4,118.6,70.8,58.8
220,2007,ywrsvlc,燁興企業股份有限公司,燁興,True,0,97.9,59.0,62.5,58.8
658,3230,aby4oso,錦明集團_錦明實業股份有限公司,錦明,True,19,90.6,80.1,65.3,58.8
1593,8279,7ernz2w,生展生物科技股份有限公司,生展,True,29,88.8,61.6,65.3,58.7
74,1445,380k3g0,大宇紡織股份有限公司,大宇,True,4,72.4,73.5,68.9,58.7
98,1475,azgmd9k,台灣業旺股份有限公司,業旺,True,8,72.4,82.1,58.0,58.6
488,2739,wdh4ze0,台北喜來登飯店_寒舍艾美酒店_礁溪寒沐酒店_寒居酒店_寒舍餐旅管理顧問股份有限公司,寒舍,True,195,57.2,75.4,68.6,58.6
708,3372,a5ioshs,台灣典範半導體股份有限公司,典範,True,15,193.8,64.3,63.6,58.5
111,1521,vvw93hc,大億交通工業製造股份有限公司,大億,True,14,86.6,62.1,64.2,58.5
914,4513,pnmsz7k,福裕事業股份有限公司,福裕,True,11,81.5,68.5,61.1,58.5
799,3605,18ogquxc,宏致電子股份有限公司,宏致,True,59,94.0,76.4,74.0,58.3
91,1467,vydx7o8,南緯實業股份有限公司,南緯,True,19,72.4,76.3,66.0,58.3
13,1217,u3tgwfk,愛之味股份有限公司,愛之味,True,13,84.8,63.8,68.2,58.3
203,1802,5h1aes0,台灣玻璃工業股份有限公司,台玻,True,91,60.6,59.1,61.3,58.3
871,4142,fa1uom8,國光生物科技股份有限公司,國光生,True,14,88.8,79.2,63.9,58.3
951,4588,cqpuppc,玖鼎電力資訊股份有限公司,玖鼎電力,True,5,134.7,86.8,71.7,58.2
1388,6578,5z04tqg,達邦蛋白生技股份有限公司,達邦蛋白,True,7,73.2,70.3,63.0,58.2
1113,5484,156h41lk,慧友電子股份有限公司,慧友,True,16,90.6,64.7,65.3,58.2
124,1536,o0d52tc,和大工業股份有限公司,和大,True,28,86.6,64.7,60.7,58.2
590,3050,12y71nd4,鈺德科技股份有限公司(錸德集團),鈺德,True,0,90.6,64.7,63.3,58.2
237,2030,rpr028g,彰源企業股份有限公司,彰源,True,10,97.9,68.2,65.5,58.1
1452,6742,10tbre4o,澤米科技股份有限公司,澤米,True,6,90.6,64.8,66.6,58.1
742,3491,7t52gbk,昇達科技股份有限公司,昇達科,True,32,101.1,80.7,66.7,58.0
727,3441,oaoer60,聯一光電股份有限公司,聯一光電,False,0,90.6,93.2,58.9,58.0
704,3357,13ygrdds,西北臺慶科技股份有限公司,臺慶科,True,13,94.0,72.5,68.0,58.0
1656,8936,167o406w,國統國際股份有限公司,國統,True,27,95.4,84.0,70.3,58.0
949,4583,wgdy36g,台灣精銳科技股份有限公司,台灣精銳,True,20,81.5,63.3,65.8,57.9
1584,8222,21akxuo,寶一科技股份有限公司,寶一,True,4,81.5,60.9,60.2,57.9
592,3052,9iuk38w,夆典科技開發股份有限公司,夆典,True,17,105.5,95.1,64.2,57.9
26,1240,0,茂生農經股份有限公司,茂生農經,False,0,73.2,85.6,66.4,57.9
402,2478,at7pqvc,大毅科技股份有限公司,大毅,True,36,94.0,82.0,69.7,57.9
1631,8472,bjv2ebc,GOMAJI_夠麻吉股份有限公司,夠麻吉,True,47,100.7,58.2,72.4,57.8
16,1220,1a2x6binng,台榮產業股份有限公司,台榮,True,20,84.8,64.8,62.1,57.8
177,1727,1mugpbk,臺灣中華化學工業股份有限公司,中華化,True,27,90.9,62.5,61.1,57.7
913,4510,pns9cnk,高鋒工業股份有限公司,高鋒,True,0,81.5,62.3,61.0,57.7
1285,6244,9lh3guo,茂迪股份有限公司,茂迪,True,1,90.6,71.8,71.3,57.6
1447,6727,20o1eko,亞泰金屬工業股份有限公司,亞泰金屬,True,10,94.0,80.0,69.9,57.6
1566,8111,aqn4ncw,立碁電子工業股份有限公司,立碁,True,6,90.6,70.1,66.7,57.6
1634,8477,op4eg48,生活市集_創業家兄弟股份有限公司,創業家,True,7,100.7,80.5,70.5,57.5
910,4502,po4vrg8,健信科技工業股份有限公司,健信,True,16,81.5,62.2,59.8,57.5
1672,9914,r4m91d4,美利達工業股份有限公司,美利達,True,9,85.4,64.3,69.2,57.4
8,1203,0,味王股份有限公司,味王,False,0,84.8,56.7,60.0,57.4
1230,6184,18jry97k,大豐有線電視股份有限公司,大豐電,True,30,95.4,85.9,66.1,57.4
243,2038,yo5790g,海光企業股份有限公司,海光,True,40,97.9,64.5,62.2,57.4
1483,6829,1a2x6bm980,千附精密股份有限公司,千附精密,True,0,81.5,59.8,61.5,57.3
822,3675,1570t4ls,德微科技股份有限公司,德微,True,10,193.8,60.4,67.5,57.3
758,3523,7io3hjc,迎輝科技股份有限公司,迎輝,False,0,90.6,67.8,61.2,57.3
945,4572,ay3uwi8,駐龍精密機械股份有限公司,駐龍,True,0,81.5,64.4,62.9,57.3
1399,6596,cnarep4,寬宏藝術經紀股份有限公司,寬宏藝術,True,0,122.0,48.6,70.4,57.3
1502,6895,10sx49a0,宏碩系統股份有限公司,宏碩系統,True,6,193.8,77.1,66.6,57.2
1203,6151,5owzbwg,晉倫科技股份有限公司,晉倫,True,2,134.7,77.0,70.0,57.2
868,4131,7nv5u9k,晶宇生物科技實業股份有限公司,浩泰,False,0,88.8,71.6,60.5,57.2
1256,6213,18n63v94,聯茂電子股份有限公司,聯茂,True,35,94.0,68.7,66.1,57.2
1512,8011,5og8dvs,台通光電股份有限公司,台通,True,10,101.1,69.9,62.0,57.1
532,2906,5ayx7ow,高林實業股份有限公司,高林,True,65,67.7,55.5,61.7,57.1
886,4183,10s41ym0,福永生物科技股份有限公司,福永生技,True,6,88.8,87.5,70.8,57.1
721,3426,5qq69vc,台興電子企業股份有限公司,台興,True,4,81.5,74.1,65.6,57.1
478,2707,1ylhm28,晶華國際酒店集團_晶華國際酒店股份有限公司,晶華,True,226,57.2,63.5,69.9,57.1
757,3522,5y4l5h4,御嵿國際股份有限公司,御頂,True,92,57.2,160.6,61.7,57.0
1296,6269,7icrvxe,台郡科技股份有限公司(總公司),台郡,True,57,94.0,68.6,64.7,57.0
748,3504,5votqa0,揚明光學股份有限公司_YoungOptics Inc.,揚明光,True,20,90.6,71.0,72.8,56.9
128,1540,oax4ths,喬福機械工業股份有限公司,喬福,True,0,81.5,61.2,60.0,56.9
801,3609,607ezvc,三一東林科技股份有限公司,三一東林,True,19,94.0,72.3,68.3,56.9
1446,6721,0,信實保全股份有限公司,信實,False,0,95.4,53.2,55.7,56.9
132,1565,a72pw8g,精華光學股份有限公司,精華,True,22,88.8,59.6,61.6,56.9
640,3189,winn6t4,景碩科技股份有限公司,景碩,True,123,193.8,59.9,68.0,56.8
1376,6548,wjq8gp4,長華科技股份有限公司,長科*,True,34,193.8,69.7,63.7,56.8
889,4198,1a2x6bic3n,欣大健康投資控股股份有限公司,欣大健康,True,12,88.8,154.4,66.5,56.8
939,4561,r9r2460,健椿工業股份有限公司,健椿,True,27,81.5,73.2,62.9,56.8
795,3593,1119apoo,力銘科技股份有限公司,力銘,True,1,94.0,82.8,61.2,56.7
935,4554,cohgsdk,橙的電子股份有限公司,橙的,True,6,134.7,70.0,64.5,56.6
925,4536,o5qtyqg,拓凱實業股份有限公司,拓凱,True,11,85.4,95.7,70.8,56.6
1622,8438,ast0jy0,昶昕實業股份有限公司,昶昕,True,12,95.1,75.0,64.6,56.5
1605,8383,5opox54,千附實業股份有限公司,千附,True,49,134.7,61.8,61.5,56.5
1216,6167,a5i3tv4,久正光電股份有限公司,久正,True,10,90.6,73.0,63.5,56.5
1403,6609,kgrsni8,台灣瀧澤科技股份有限公司,瀧澤科,True,20,81.5,59.9,63.7,56.4
399,2474,w44447k,可成科技股份有限公司,可成,True,51,134.7,61.8,67.1,56.4
1665,9905,20tncmw,大華金屬工業股份有限公司,大華,True,41,95.4,59.2,61.5,56.4
496,2755,1a2x6bjhrs,麥味登、炸鷄大獅、REAL真、涮金鍋_揚秦國際企業股份有限公司,揚秦,True,102,57.2,55.5,66.5,56.4
898,4413,af18yts,飛寶企業股份有限公司,飛寶企業,True,6,72.4,70.8,60.7,56.4
11,1215,grvyivs,台灣卜蜂企業股份有限公司,卜蜂,True,115,84.8,77.7,71.2,56.3
157,1617,xoxjd1c,榮星電線工業股份有限公司,榮星,True,0,88.7,65.7,62.5,56.3
1049,5258,12obecds,虹堡科技股份有限公司,虹堡,True,76,138.1,83.8,76.6,56.2
492,2748,0,雲品國際酒店股份有限公司,雲品,False,0,57.2,76.1,62.7,56.2
1194,6140,e8j39fc,訊達電腦股份有限公司,訊達電腦,True,15,107.4,75.8,64.6,56.2
27,1259,azqoc4o,摩斯漢堡_安心食品服務股份有限公司,安心,True,461,57.2,28.9,62.1,56.2
112,1522,a8aoe54,堤維西交通工業股份有限公司,堤維西,True,29,86.6,60.0,61.8,56.2
1545,8080,12tckba0,印鉐事業股份有限公司,印鉐,True,0,105.5,64.7,55.4,56.2
1592,8277,12y62h5s,商丞科技股份有限公司,商丞,True,0,193.8,83.2,70.4,56.1
1570,8131,ay1tn5s,福懋科技股份有限公司,福懋科,True,3,193.8,64.3,59.1,56.1
1492,6856,1a2x6blvtw,鑫傳國際多媒體科技股份有限公司,鑫傳,True,6,122.0,70.1,65.3,56.1
643,3205,7hsr4e8,佰研生化科技股份有限公司,佰研,True,9,88.8,70.6,62.7,56.1
1645,8923,n923xk,時報文化出版企業股份有限公司,時報,True,6,122.0,72.2,54.5,56.0
869,4133,5ykmvbc,亞諾法生技股份有限公司,亞諾法,True,5,88.8,76.4,64.3,56.0
475,2704,5cg91w0,國賓大飯店股份有限公司,國賓,True,47,57.2,71.2,71.0,56.0
241,2034,r4vz8m8,允強實業股份有限公司,允強,True,13,97.9,62.8,60.5,55.9
41,1315,ngf9qh4,達新工業股份有限公司,達新,True,12,111.7,64.9,62.4,55.8
470,2642,wfzuabc,台灣宅配通股份有限公司,宅配通,True,280,127.2,54.1,58.6,55.8
1205,6153,13yho90w,嘉聯益科技股份有限公司,嘉聯益,True,17,94.0,61.3,65.2,55.8
1624,8443,10zilc94,阿瘦實業股份有限公司,阿瘦,True,106,67.7,51.1,60.3,55.8
1576,8171,hnieg6g,天宇工業股份有限公司,天宇,True,5,95.1,64.9,58.0,55.7
284,2302,2aeetwo,麗正國際科技股份有限公司,麗正,True,0,193.8,73.9,73.3,55.7
903,4420,dl4ywjc,光明絲織廠股份有限公司,光明,True,0,72.4,49.7,62.2,55.7
250,2065,ec7xwkw,世豐螺絲股份有限公司,世豐,True,7,97.9,69.1,64.1,55.7
1496,6870,1a2x6bjoni,騰雲科技服務股份有限公司,騰雲,True,34,100.7,83.9,65.8,55.7
793,3591,5xgxtbs,艾笛森光電股份有限公司,艾笛森,True,29,90.6,99.0,72.7,55.6
1189,6133,28grqi8,金橋科技股份有限公司,金橋,True,9,94.0,90.6,67.0,55.6
407,2484,aglegqw,希華晶體科技股份有限公司,希華,True,33,94.0,63.0,63.5,55.6
687,3310,ajip2xs,佳穎精密企業股份有限公司,佳穎,True,16,94.0,72.1,64.3,55.6
83,1456,f856p3s,怡華實業股份有限公司,怡華,True,24,105.5,93.6,56.1,55.6
69,1440,vnsrszs,臺南紡織股份有限公司,南紡,True,6,72.4,56.3,61.9,55.6
489,2740,1a2x6bi1s9,天蔥國際股份有限公司,天蔥,True,31,57.2,45.7,63.6,55.6
579,3038,15082zhc,全台晶像股份有限公司,全台,True,1,90.6,70.4,67.4,55.6
1260,6217,a4tdl94,中國探針股份有限公司,中探針,True,26,94.0,66.8,69.4,55.5
265,2114,nr3nw34,鑫永銓股份有限公司,鑫永銓,True,4,76.4,68.4,58.0,55.4
1505,6904,ppup2k8,伯鑫工具股份有限公司,伯鑫,True,0,95.4,61.2,59.3,55.4
275,2230,13jfytbs,泰茂實業股份有限公司,泰茂,True,7,81.5,60.3,57.0,55.4
1239,6194,kpl2lbk,育富電子股份有限公司,育富,False,0,94.0,80.6,57.4,55.4
1240,6195,152krie8,詩肯股份有限公司,詩肯,True,44,80.9,63.4,61.8,55.4
404,2481,a68kjpc,強茂股份有限公司,強茂,True,47,193.8,71.1,74.5,55.4
1676,9921,pr194vs,捷安特 YouBike_巨大機械工業股份有限公司,巨大,True,73,85.4,65.0,68.6,55.4
201,1796,7sitwvk,金穎生物科技股份有限公司,金穎生技,True,9,84.8,63.0,65.3,55.3
1214,6165,20jnixk,浪凡網路科技股份有限公司,浪凡,True,0,100.7,118.3,75.6,55.3
154,1614,1my7mko,台灣三洋電機股份有限公司,三洋電,True,18,88.7,45.6,57.4,55.2
928,4541,13mmtfs0,晟田科技工業股份有限公司,晟田,True,12,95.4,60.3,63.6,55.2
967,4736,7m9vnu8,泰博科技股份有限公司,泰博,True,23,88.8,70.2,68.6,55.1
70,1441,ng2ajsw,大東紡織股份有限公司,大東,True,7,72.4,90.9,60.8,55.1
45,1323,vbrtffc,永裕塑膠工業股份有限公司,永裕,True,19,111.7,61.0,60.1,55.1
1115,5488,k617tc0,松普科技股份有限公司,松普,True,0,94.0,60.0,55.9,55.1
1174,6115,a8veark,鎰勝工業股份有限公司,鎰勝,True,0,94.0,86.1,69.9,55.1
1525,8043,apir9lk,蜜望實企業股份有限公司,蜜望實,True,5,94.0,74.1,66.1,55.0
1491,6855,d0se73k,數泓科技股份有限公司,數泓科,True,0,134.7,86.9,65.5,55.0
409,2486,gh5ttq8,一詮精密工業股份有限公司,一詮,True,39,90.6,63.8,62.5,55.0
90,1466,ajzcfbs,聚隆纖維股份有限公司,聚隆,True,26,72.4,60.7,57.0,55.0
412,2491,1526v9wo,吉祥全球實業股份有限公司,吉祥全,True,0,90.6,84.4,60.0,54.9
957,4712,k2nn9s0,福格創新股份有限公司,福格創新,True,3,95.4,62.0,44.5,54.9
786,3576,cr5tkx4,聯合再生能源股份有限公司,聯合再生,True,22,90.6,71.9,68.7,54.9
882,4171,cmmpy28,瑞基海洋生物科技股份有限公司,瑞基,True,10,73.2,73.4,59.9,54.9
276,2231,ao0761c,為升電裝工業股份有限公司,為升,True,19,86.6,65.5,64.3,54.9
233,2025,w5rppq0,千興不銹鋼股份有限公司,千興,True,15,97.9,53.0,56.8,54.9
725,3437,wg5uofs,榮創能源科技股份有限公司-鴻海科技集團,榮創,True,27,90.6,64.0,65.2,54.9
491,2745,ahnw48g,五福旅行社股份有限公司,五福,True,55,57.2,61.4,65.4,54.8
82,1455,jw0v6o8,集盛實業股份有限公司,集盛,True,28,72.4,60.6,60.3,54.8
1326,6426,60u1oko,統新光訊股份有限公司,統新,True,3,101.1,65.5,62.0,54.8
1464,6767,bj2xkw8,台灣微創醫療器材股份有限公司,台微醫,True,15,88.8,82.5,63.6,54.7
1093,5432,awq1neo,新門科技股份有限公司,新門,False,0,95.1,69.6,60.7,54.7
1047,5245,cvgez34,智晶光電股份有限公司,智晶,True,5,90.6,66.2,63.3,54.7
1323,6418,agnkz4w,詠昇電子股份有限公司,詠昇,True,0,94.0,73.2,58.4,54.7
1119,5498,18plvp40,凱崴電子股份有限公司,凱崴,True,4,94.0,71.7,58.6,54.7
14,1218,rep1b48,泰山企業股份有限公司,泰山,True,59,84.8,62.0,59.5,54.7
1151,5878,10vsy63c,台名保險經紀人股份有限公司,台名,True,2,127.1,76.2,59.8,54.6
673,3284,7kdneoo,太普高精密影像股份有限公司,太普高,True,8,95.4,60.9,56.8,54.6
1016,4976,wjpd2ao,佳凌科技股份有限公司,佳凌,True,27,90.6,57.1,55.7,54.5
1519,8033,o4xnq3c,雷虎_雷虎科技股份有限公司,雷虎,True,6,95.4,82.4,57.8,54.5
113,1524,a56ltjk,耿鼎企業股份有限公司,耿鼎,True,14,86.6,64.7,63.3,54.5
989,4908,7n3thjc,前鼎光電股份有限公司,前鼎,True,11,101.1,82.6,77.4,54.5
1540,8071,12s2q0s8,能率網通股份有限公司,能率網通,True,9,94.0,76.9,57.6,54.5
707,3363,12nof0fk,上詮光纖通信股份有限公司,上詮,True,26,101.1,67.0,64.9,54.4
133,1568,umcnocw,倉佑實業股份有限公司,倉佑,True,8,86.6,61.8,59.7,54.4
564,3023,atcr6i8,信邦電子股份有限公司,信邦,True,63,94.0,75.3,72.9,54.4
324,2367,2l8pa9k,燿華電子股份有限公司,燿華,True,6,94.0,64.0,59.3,54.4
294,2323,5lujxpc,中環股份有限公司,中環,True,13,90.6,66.3,62.3,54.4
1098,5450,armp1hs,南良國際股份有限公司,南良,True,0,95.4,67.2,62.6,54.3
484,2731,24zir7c,雄獅旅行社股份有限公司,雄獅,True,102,57.2,73.6,67.2,54.3
261,2106,re05d9c,KENDA建大輪胎_建大工業股份有限公司,建大,True,21,76.4,66.6,58.5,54.3
724,3434,12r2899c,哲固資訊科技股份有限公司,哲固,True,13,90.6,65.2,64.2,54.3
1524,8042,1mppbkg,臺灣金山電子工業股份有限公司,金山電,True,7,94.0,75.2,70.5,54.3
885,4175,13t0kwxc,杏一醫療用品股份有限公司,杏一,True,382,88.8,46.6,59.1,54.2
1526,8044,7mmueb6,PChome Online_網路家庭國際資訊(股)公司,網家,True,32,100.7,63.5,64.4,54.2
610,3086,12spd4x4,華義國際數位娛樂股份有限公司,華義,True,24,122.0,66.7,60.8,54.2
1176,6117,4d2c07c,迎廣科技股份有限公司,迎廣,True,39,138.1,66.7,66.9,54.2
1295,6266,atx4fvs,泰詠電子股份有限公司,泰詠,True,49,94.0,64.6,63.8,54.2
1658,8938,acngntc,明安國際企業股份有限公司,明安,True,36,85.4,58.9,61.8,54.2
855,4111,lnuff3s,濟生醫藥生技股份有限公司,濟生,True,19,88.8,60.6,57.9,54.2
1614,8421,cmejtbs,旭源包裝科技股份有限公司,旭源,True,6,95.4,70.7,64.7,54.2
55,1413,3bf0vhs,宏洲纖維工業股份有限公司,宏洲,True,4,72.4,59.1,60.5,54.2
42,1316,xu3pjl5,上曜建設開發股份有限公司,上曜,False,0,105.5,95.6,71.9,54.1
599,3060,e6zk85c,銘異科技股份有限公司,銘異,True,10,138.1,74.5,59.3,54.1
975,4754,7jzrwfk,國碳科技股份有限公司,國碳科,True,6,90.9,94.5,70.9,54.1
310,2349,anzx12g,錸德科技股份有限公司(錸德集團),錸德,True,13,90.6,67.1,66.5,54.1
274,2228,203peq0,劍麟股份有限公司,劍麟,True,38,86.6,70.1,64.1,54.0
186,1742,ae6i1ag,台灣蠟品股份有限公司,台蠟,True,1,90.9,72.2,55.1,54.0
58,1417,5fksgyw,嘉裕股份有限公司,嘉裕,True,18,72.4,67.0,56.9,54.0
1066,5310,at7ooag,天剛資訊股份有限公司,天剛,True,0,107.4,65.4,55.1,54.0
565,3024,knh46a0,憶聲電子股份有限公司,憶聲,True,6,90.6,75.8,61.8,53.9
1249,6205,a5r2lgo,詮欣股份有限公司,詮欣,True,30,94.0,86.2,73.9,53.9
1482,6823,1a2x6bisxs,濾能股份有限公司,濾能,True,8,193.8,56.1,61.6,53.8
224,2012,14igbs0w,春雨工廠股份有限公司,春雨,True,12,97.9,59.2,66.4,53.8
1639,8905,auztmz4,裕國冷凍冷藏股份有限公司,裕國,True,24,95.4,61.6,58.7,53.8
1342,6472,d6e8gqw,"BORA PHARMACEUTICALS CO., LTD._保瑞藥業股份有限公司",保瑞,True,36,88.8,148.9,76.8,53.8
807,3624,7erfogw,光頡科技股份有限公司,光頡,True,56,94.0,61.8,64.8,53.7
1613,8420,cztykk0,明揚國際科技股份有限公司,明揚,True,9,85.4,56.9,56.2,53.6
1002,4942,a6k6qhk,嘉彰股份有限公司,嘉彰,True,24,90.6,91.2,74.1,53.5
711,3376,g9uktns,新日興股份有限公司,新日興,True,78,94.0,55.8,60.2,53.5
852,4107,13nchir4,邦特生物科技股份有限公司,邦特,True,7,88.8,64.1,60.7,53.5
734,3465,12p210q8,進泰電子科技股份有限公司,進泰電子,True,4,134.7,94.8,74.4,53.4
950,4584,w1zolfc,君帆工業股份有限公司,君帆,True,15,81.5,66.6,60.7,53.4
1400,6603,13kawv1c,富強鑫精密工業股份有限公司,富強鑫,True,25,81.5,65.7,64.0,53.4
196,1785,k46629s,光洋應用材料科技股份有限公司,光洋科,True,45,134.7,77.0,69.0,53.4
1611,8415,0,實威國際股份有限公司,大國鋼,False,0,97.9,65.7,64.6,53.2
1027,5014,k68jfaw,建錩實業股份有限公司,建錩,True,14,97.9,62.6,59.6,53.2
182,1734,jbb5p68,杏輝藥品工業股份有限公司,杏輝,True,33,88.8,66.1,64.0,53.2
918,4528,o5z7qxk,江興鍛壓工業股份有限公司,江興鍛,True,0,81.5,51.6,57.6,53.2
326,2369,pjy3aao,菱生精密工業股份有限公司,菱生,True,33,193.8,55.5,58.8,53.1
591,3051,7jvgfzc,力特光電科技股份有限公司,力特,True,17,90.6,62.9,57.4,53.1
1423,6668,1a2x6biomc,中揚光電股份有限公司,中揚光,True,6,90.6,66.2,66.8,53.1
212,1903,52jst8o,士林紙業股份有限公司,士紙,True,3,84.9,67.7,56.0,53.1
619,3115,13vxi43c,富育榮綱股份有限公司 ,富榮綱,False,0,94.0,86.0,70.2,53.0
702,3354,18pnuemw,律勝科技股份有限公司,律勝,True,11,94.0,59.5,65.4,53.0
1014,4973,10tqbw2o,廣穎電通股份有限公司,廣穎電通,True,50,193.8,76.6,75.0,53.0
22,1233,8ixso9k,天仁茶業股份有限公司,天仁,True,227,84.8,45.1,62.1,53.0
632,3164,5uaoqc8,景岳生物科技股份有限公司,景岳,True,19,88.8,61.4,59.6,53.0
1254,6210,krd6nlk,慶生電子股份有限公司,慶生,False,0,94.0,56.5,56.6,53.0
1394,6588,we2aooo,東典光電科技股份有限公司,東典,True,4,101.1,60.7,57.9,52.9
1073,5340,13tpt2lk,建榮工業材料股份有限公司,建榮,True,11,94.0,60.9,59.4,52.9
1415,6654,1a2x6bibz8,天正國際精密機械股份有限公司,天正國際,True,12,134.7,64.5,60.3,52.9
1331,6442,18m6q4bc,光紅建聖股份有限公司,光聖,True,12,101.1,76.1,67.3,52.9
1265,6222,a6v540o,上揚科技股份有限公司,上揚,True,0,90.6,67.9,50.1,52.9
490,2743,aijifeg,山富國際旅行社股份有限公司,山富,True,55,57.2,64.3,64.4,52.8
1008,4956,d0lgspc,光鋐科技股份有限公司,光鋐,True,13,90.6,56.6,60.8,52.8
1188,6130,12w3sxh4,上亞科技股份有限公司,上亞科技,False,0,88.8,101.5,73.5,52.8
493,2752,d8zmy4o,豆府餐飲集團_豆府股份有限公司,豆府,True,193,57.2,36.3,59.4,52.8
806,3623,wire4u0,富晶通科技股份有限公司,富晶通,True,0,90.6,56.1,58.1,52.7
932,4549,10t8lhtk,桓達科技股份有限公司,桓達,True,21,81.5,58.7,60.6,52.7
1338,6464,1a2x6bjpxh,台灣數位光訊科技股份有限公司,台數科,True,0,95.4,140.9,58.8,52.7
636,3171,b00t4ug,炎洲流通股份有限公司,新洲,True,31,80.9,99.9,84.3,52.7
602,3066,2342eog,李洲科技股份有限公司,李洲,True,16,90.6,93.1,58.0,52.7
628,3149,18l0ovgo,正達國際光電股份有限公司,正達,True,5,90.6,63.3,60.9,52.6
1311,6288,152g9a48,聯嘉光電股份有限公司,聯嘉,True,70,86.6,65.4,81.3,52.6
853,4108,7pa7l7s,懷特生技新藥股份有限公司,懷特,True,8,88.8,95.1,69.8,52.6
1694,9943,12pg065k,好樂迪股份有限公司,好樂迪,True,190,57.2,44.3,57.5,52.5
29,1268,1a2x6bimh7,漢來美食股份有限公司_漢來海港/名人坊/漢來上海湯包/漢來蔬食/溜溜酸菜魚/上菜片皮鴨/翠園,漢來美食,True,411,57.2,56.1,62.8,52.5
389,2460,12sdkaxs,建通精密工業股份有限公司,建通,True,17,94.0,58.8,59.0,52.4
222,2009,11o5lby8,第一伸銅科技股份有限公司,第一銅,True,0,97.9,53.5,54.8,52.4
784,3567,5slsil4,逸昌科技股份有限公司,逸昌,True,12,193.8,64.7,65.2,52.4
1493,6859,wjpgjao,伯特光電股份有限公司,伯特光,True,16,90.6,56.8,58.3,52.4
1353,6504,ywqedow,南六企業股份有限公司,南六,True,5,95.4,73.4,60.1,52.3
1595,8289,wem12rc,泰藝電子股份有限公司,泰藝,True,21,94.0,61.7,59.8,52.3
1344,6482,biikx4g,弘煜科技事業股份有限公司,弘煜科,True,8,122.0,63.5,56.7,52.3
1413,6649,1a2x6bixq2,台灣生醫材料股份有限公司,台生材,True,2,88.8,85.0,65.1,52.3
230,2022,10ofjzh4,聚亨企業股份有限公司,聚亨,True,3,97.9,62.6,56.9,52.2
486,2734,wdcq3hc,易飛網國際旅行社股份有限公司,易飛網,True,24,57.2,64.5,59.3,52.2
662,3236,koeup9s,千如電機工業股份有限公司,千如,True,3,94.0,67.0,62.3,52.2
1283,6242,5rjud9c,立康生醫事業股份有限公司,立康,True,22,88.8,58.3,60.2,52.2
819,3666,cl3hgew,光耀科技股份有限公司,光耀,True,0,90.6,60.9,56.5,52.2
597,3058,hgrp474,立德電子股份有限公司,立德,True,17,94.0,74.5,70.6,52.2
277,2233,afgnlnc,宇隆科技股份有限公司,宇隆,True,21,86.6,72.2,63.1,52.2
92,1468,glex21s,昶和纖維興業股份有限公司,昶和,True,6,72.4,57.8,54.3,52.2
210,1815,7qeosbk,富喬工業股份有限公司,富喬,True,33,94.0,59.5,59.6,52.2
59,1418,53ambq8,東華龍股份有限公司,東華,True,2,72.4,96.3,60.2,52.1
959,4716,131tagfk,大立高分子工業股份有限公司,大立,True,4,90.9,63.7,56.5,52.0
1372,6538,12yr6bbs,倉和股份有限公司,倉和,True,3,94.0,84.0,66.7,51.9
1101,5457,ayprjpk,宣德科技股份有限公司,宣德,True,46,94.0,65.9,67.1,51.9
1248,6204,jxwl6f4,台灣艾華電子工業股份有限公司,艾華,True,2,94.0,88.8,59.5,51.9
706,3362,a8txiaw,先進光電科技股份有限公司,先進光,True,44,90.6,66.7,57.6,51.9
146,1599,111bwt14,宏佳騰動力科技股份有限公司,宏佳騰,True,26,81.5,60.1,57.2,51.9
678,3290,151n96xc,東浦精密光電股份有限公司,東浦,True,7,94.0,84.5,63.0,51.9
958,4714,13kbxihc,永捷創新科技股份有限公司,永捷,True,6,90.9,92.0,56.7,51.8
51,1342,5oupgdc,八貫企業股份有限公司,八貫,True,21,95.4,73.9,65.2,51.8
50,1339,a54v654,昭輝實業股份有限公司,昭輝,True,27,86.6,66.2,68.0,51.8
895,4306,ghmiji0,炎洲股份有限公司,炎洲,True,17,111.7,57.2,55.8,51.7
4,1108,ingxngg,幸福水泥股份有限公司,幸福,True,35,88.9,57.3,59.3,51.6
1310,6287,a5h9zsg,元隆電子股份有限公司,元隆,True,15,193.8,72.6,60.1,51.6
1378,6556,ofkslaw,勝品電通股份有限公司,勝品,True,9,90.6,60.8,67.1,51.6
75,1446,xtw1ufk,宏和精密紡織股份有限公司,宏和,False,0,72.4,77.5,63.7,51.5
441,2543,fryrm14,皇昌營造股份有限公司,皇昌,True,35,105.5,66.1,71.9,51.4
1659,8940,12sergy8,新天地餐飲集團_新天地國際實業股份有限公司,新天地,True,93,57.2,54.6,60.2,51.4
1355,6506,at5xcyw,双邦實業股份有限公司,雙邦,True,20,72.4,60.2,55.4,51.4
1303,6278,awbqvrs,台灣表面黏著科技股份有限公司,台表科,True,34,90.6,75.6,65.5,51.4
1677,9924,ys1eieg,台灣福興工業股份有限公司,福興,True,30,80.9,62.8,60.7,51.4
638,3178,yvx7bq8,公準精密工業股份有限公司,公準,True,22,193.8,57.6,58.9,51.2
622,3128,adse7nk,昇銳電子股份有限公司,昇銳,True,37,90.6,60.4,64.7,51.2
1404,6612,cwxuqhk,應用奈米醫材科技股份有限公司,奈米醫材,True,15,88.8,75.2,65.1,51.2
1542,8074,18hzb7ag,鉅橡企業股份有限公司,鉅橡,True,17,94.0,60.6,55.8,51.1
827,3686,d8orvfc,達能科技股份有限公司,達能,True,1,193.8,131.1,90.8,51.1
1088,5398,2586860,慕康生技醫藥股份有限公司,慕康生醫,True,0,95.4,77.8,67.1,51.0
840,3708,1a2x6bkrvw,上緯國際投資控股股份有限公司,上緯投控,True,13,95.1,244.3,68.9,51.0
468,2640,cr8bru0,55688集團_台灣大車隊股份有限公司,大車隊,True,34,100.7,65.2,64.5,51.0
147,1603,ghfixmo,中華電線電纜股份有限公司,華電,True,0,88.7,61.6,58.1,51.0
1563,8107,7ijw8bk,大億金茂股份有限公司,大億金茂,True,10,81.5,58.8,61.8,50.9
251,2066,acvsce8,世德工業股份有限公司_SUMEEKO,世德,True,21,81.5,61.2,56.5,50.8
208,1810,1he1rb4,和成欣業股份有限公司,和成,True,35,60.6,60.1,58.4,50.8
103,1506,vbsty8o,正道工業股份有限公司,正道,True,11,81.5,50.6,56.2,50.8
209,1813,12snbk00,寶利徠光學科技股份有限公司,寶利徠,True,1,88.8,66.2,61.4,50.8
696,3325,18jivkeo,旭品科技股份有限公司,旭品,True,1,138.1,71.6,54.7,50.7
1166,6103,12nohazs,合邦電子股份有限公司,合邦,True,0,193.8,83.7,58.4,50.7
81,1454,1z56dhs,台灣富綢纖維股份有限公司,台富,False,0,72.4,55.8,55.7,50.7
187,1752,vtoqdm0,南光化學製藥股份有限公司,南光,True,32,88.8,60.3,57.9,50.6
991,4911,10us5a3s,德英生物科技股份有限公司,德英,True,3,88.8,82.0,48.9,50.6
1025,5011,3n38n14,久陽精密股份有限公司,久陽,True,10,97.9,54.1,55.5,50.5
1155,5904,18mplbpc,寶雅國際股份有限公司,寶雅,True,1330,80.9,46.1,55.7,50.5
76,1447,0,力鵬企業股份有限公司,力鵬,False,0,72.4,56.1,55.8,50.5
1022,4999,5z70ieg,鑫禾科技股份有限公司,鑫禾,True,19,94.0,63.8,61.6,50.5
467,2636,a9rt9kg,台驊國際控股股份有限公司,台驊投控,True,21,127.2,373.2,70.6,50.5
1632,8473,cjz0yrs,山林水環境工程股份有限公司,山林水,True,93,95.1,51.6,57.9,50.5
652,3221,7gzr17c,台灣嘉碩科技股份有限公司,台嘉碩,True,21,101.1,68.9,54.7,50.4
1070,5321,k8e565c,美而快國際股份有限公司,美而快,True,65,100.7,124.8,63.5,50.4
104,1512,1377no4g,瑞利企業股份有限公司,瑞利,True,0,86.6,63.6,58.5,50.3
97,1474,qna2yiw,弘裕企業股份有限公司,弘裕,True,19,72.4,56.9,54.8,50.3
1508,6929,whxr060,佑全保健藥妝/健康人生藥局/札幌藥粧_佑全藥品股份有限公司,佑全,True,386,88.8,48.6,62.4,50.2
896,4401,8mfh5fs,東隆興業股份有限公司,東隆興,True,0,72.4,57.1,58.3,50.2
863,4126,9jfdbgw,太平洋醫材股份有限公司,太醫,True,16,88.8,57.9,57.8,50.1
54,1410,g7khvko,南洋染整股份有限公司,南染,False,0,72.4,154.6,56.0,50.1
1578,8182,yvhrg5k,加高電子股份有限公司,加高,True,31,94.0,55.6,57.6,50.0
1521,8038,7g1o82w,長園科技實業股份有限公司,長園科,True,6,94.0,68.8,55.4,49.9
812,3631,7c9pnls,晟楠科技股份有限公司,晟楠,True,0,94.0,77.6,61.6,49.9
245,2059,a8dybig,川湖科技股份有限公司,川湖,True,18,94.0,67.9,66.9,49.8
684,3305,277deuw,昇貿科技股份有限公司,昇貿,True,22,134.7,82.9,68.1,49.8
191,1776,lmbdpa8,展宇科技材料股份有限公司,展宇,True,3,90.9,68.7,62.2,49.8
878,4163,cmcx6zk,鐿鈦科技股份有限公司,鐿鈦,True,38,88.8,68.2,62.9,49.8
264,2109,rgbmfcx,華豐橡膠工業股份有限公司,華豐,True,5,76.4,66.7,57.0,49.8
1244,6199,12ozcdk8,天品聯合企業股份有限公司,天品,True,3,95.4,81.4,65.5,49.8
61,1423,572n0lc,利華羊毛工業股份有限公司,利華,True,0,72.4,63.4,56.2,49.8
937,4556,p38re8,旭然國際股份有限公司,旭然,True,9,95.4,68.9,59.9,49.7
1601,8354,13v619bs,冠好科技股份有限公司,冠好,True,6,95.4,59.6,52.8,49.7
240,2033,x3y69nc,佳大世界股份有限公司,佳大,False,0,97.9,55.0,52.2,49.6
731,3450,5ssa52w,聯鈞光電股份有限公司,聯鈞,True,12,193.8,53.1,58.3,49.6
485,2732,1125vzc8,六角國際事業股份有限公司,六角,True,68,57.2,62.0,60.0,49.6
1675,9919,y3nane8,康那香企業股份有限公司,康那香,True,12,95.4,63.5,56.2,49.6
1689,9938,4cl7g7s,台灣百和工業股份有限公司,百和,True,28,95.4,64.4,61.5,49.6
1263,6220,l3antg8,岳豐科技股份有限公司,岳豐,True,7,94.0,62.1,54.4,49.6
1340,6469,5vquxb4,大樹連鎖藥局_大樹醫藥股份有限公司,大樹,True,602,88.8,50.0,54.1,49.4
239,2032,fmfv2pk,新鋼工業股份有限公司,新鋼,True,9,97.9,50.7,52.0,49.4
1185,6127,13p3unw8,九豪精密陶瓷股份有限公司,九豪,True,5,94.0,61.5,51.7,49.4
77,1449,x3np4hk,佳和實業股份有限公司,佳和,True,37,72.4,51.2,52.7,49.4
1177,6118,1566j8hs,建達國際股份有限公司,建達,True,22,110.9,62.9,54.6,49.3
372,2434,aaix6a8,統懋半導體股份有限公司,統懋,False,0,193.8,56.5,53.6,49.3
63,1434,6fjyaag,福懋興業股份有限公司,福懋,True,14,72.4,49.6,56.4,49.3
96,1473,vnt0eeo,台南企業股份有限公司,台南,True,16,72.4,76.7,58.9,49.3
347,2402,au3pjdk,毅嘉科技股份有限公司,毅嘉,True,30,94.0,88.4,59.2,49.3
1438,6698,d70skuw,旭暉應用材料股份有限公司,旭暉應材,True,3,134.7,54.7,57.5,49.2
255,2073,1a2x6bjytn,雄順金屬股份有限公司,雄順,True,9,97.9,56.9,54.1,49.1
1056,5285,5szhc3k,界霖科技股份有限公司,界霖,True,18,193.8,61.5,53.5,49.0
1698,9949,12xw6qu0,琉園股份有限公司,琉園,True,0,122.0,57.6,52.9,49.0
990,4909,kqx25g8,新復興微波通訊股份有限公司,新復興,False,0,101.1,54.0,50.2,49.0
968,4737,10w6mu7c,華廣生技股份有限公司,華廣,True,78,88.8,50.5,55.1,49.0
88,1464,xun494w,得力實業股份有限公司,得力,True,17,72.4,55.2,55.4,48.9
970,4741,111fr8ts,泓瀚科技股份有限公司,泓瀚,True,7,90.9,64.4,58.3,48.9
537,2913,3ggbavs,台灣農林股份有限公司,農林,True,11,67.7,67.3,54.3,48.9
904,4426,7gehdxk,利勤實業股份有限公司,利勤,True,55,72.4,50.7,52.3,48.8
1693,9942,sfsd5jc,茂順密封元件科技股份有限公司,茂順,True,10,95.4,67.3,59.7,48.8
1544,8077,14ze5re0,洛碁大飯店_洛碁實業股份有限公司,洛碁,True,21,57.2,49.3,52.7,48.8
657,3229,ada3fls,晟鈦股份有限公司,晟鈦,True,6,94.0,56.0,54.4,48.8
1554,8092,z4ofj80,建暐精密科技股份有限公司,建暐,True,11,134.7,54.1,54.3,48.7
539,2916,5qpib7s,Le coq sportif/Munsingwear_滿心企業股份有限公司,滿心,True,17,80.9,55.6,54.4,48.6
931,4545,5uo8wew,銘鈺精密工業股份有限公司,銘鈺,True,22,94.0,64.3,60.7,48.5
676,3288,18pq6ze0,點晶科技股份有限公司,點晶,True,0,94.0,101.4,85.5,48.4
1682,9929,vwecl6o,秋雨創新股份有限公司,秋雨,True,0,95.4,56.7,52.0,48.4
876,4161,7s09gu0,聿新生物科技股份有限公司,聿新科,True,8,88.8,60.5,56.1,48.3
864,4127,1336iol4,天良生物科技企業股份有限公司,天良,False,0,88.8,68.7,53.6,48.3
476,2705,539i5qo,六福旅遊集團_六福開發股份有限公司,六福,True,114,57.2,49.2,55.8,48.3
1477,6804,2okhaio,明係事業股份有限公司,明係,True,8,85.4,64.8,58.1,48.3
1703,9960,7q8omoo,邁達康高球網_邁達康網路事業股份有限公司,邁達康,True,6,85.4,57.9,53.4,48.3
682,3297,aml79g0,杭特電子股份有限公司,杭特,True,12,90.6,61.9,58.5,48.3
359,2420,9mth68o,新巨企業股份有限公司,新巨,True,48,94.0,63.7,59.6,48.3
79,1452,jt5ezoo,宏益纖維工業股份有限公司,宏益,True,2,72.4,61.7,56.5,48.3
746,3499,wdwwyx4,環天世通科技股份有限公司,環天科,True,9,101.1,59.5,54.9,48.3
122,1533,27tybio,車王電子股份有限公司,車王電,True,14,86.6,52.8,56.6,48.2
1655,8935,o8ybz08,邦泰複合材料股份有限公司,邦泰,True,5,95.4,62.3,53.4,48.2
1410,6642,wgr8ebc,富致科技股份有限公司,富致,True,2,94.0,70.4,59.6,48.2
1092,5426,g851488,振發實業股份有限公司,振發,True,4,138.1,62.3,53.6,48.2
1315,6294,18p9z7yg,志光數位學院_智基科技開發股份有限公司,智基,True,86,122.0,59.2,53.0,48.2
252,2067,ui6kutc,嘉鋼精密工業股份有限公司,嘉鋼,True,0,81.5,57.5,54.2,48.2
692,3321,b0nf7y0,同泰電子科技股份有限公司,同泰,True,27,94.0,54.5,53.4,48.2
232,2024,k1m9f5s,志聯工業股份有限公司,志聯,True,0,97.9,52.4,51.9,48.1
46,1324,3a7ona8,地球綜合工業股份有限公司,地球,True,10,111.7,58.6,58.7,48.1
854,4109,152rixig,加捷生醫股份有限公司,加捷生醫,True,8,88.8,84.5,49.1,48.1
1487,6840,aemn7cw,東研信超股份有限公司,東研信超,True,20,134.7,72.0,63.8,48.1
1541,8072,18lqj0sw,陞泰科技股份有限公司,陞泰,True,25,110.9,94.1,64.5,48.0
221,2008,yo2ih7s,高興昌鋼鐵股份有限公司,高興昌,False,0,97.9,56.8,55.0,48.0
1343,6477,d4o0040,安集科技股份有限公司,安集,True,3,90.6,50.2,52.6,48.0
1149,5864,at5k77c,致和證券股份有限公司,致和證,True,0,127.1,81.3,53.7,48.0
940,4562,da9x90g,穎霖集團_穎漢科技股份有限公司,穎漢,True,50,81.5,60.7,56.7,48.0
1074,5344,a5hd1cw,立衛科技股份有限公司,立衛,True,11,193.8,52.3,57.4,47.9
1648,8927,anzg9o8,北基加油站_北基國際股份有限公司,北基,True,162,102.0,41.9,51.7,47.8
1195,6141,aws6yl4,柏承科技股份有限公司,柏承,True,0,94.0,53.2,55.8,47.8
247,2062,r9lhuag,橋椿金屬股份有限公司,橋椿,True,59,80.9,58.1,55.2,47.7
535,2911,20e692w,麗嬰房股份有限公司,麗嬰房,True,64,67.7,50.7,52.0,47.7
715,3390,7nre93c,旭軟電子科技股份有限公司,旭軟,True,6,94.0,54.9,54.2,47.7
89,1465,fhcgu5k,偉全實業股份有限公司,偉全,True,3,72.4,54.2,53.1,47.7
1109,5475,18n5bntk,德宏工業股份有限公司,德宏,False,0,94.0,80.3,49.5,47.7
1332,6443,dbk8rvk,元晶太陽能科技股份有限公司,元晶,True,23,90.6,60.6,56.1,47.6
1701,9955,18nphxnk,佳龍科技工程股份有限公司,佳龍,True,16,95.1,67.5,57.2,47.6
253,2069,acnqr8o,運錩鋼鐵股份有限公司,運錩,True,9,97.9,54.9,53.2,47.3
93,1470,1a2x6bjmze,大統新創股份有限公司,大統新創,True,2,72.4,56.3,56.0,47.3
1147,5704,auxftgw,知本老爺大酒店股份有限公司,老爺知,True,14,57.2,65.5,56.0,47.2
62,1432,25kw1nc,大魯閣實業股份有限公司,大魯閣,True,158,85.4,43.2,55.0,47.2
473,2701,1a2x6blos0,萬華企業股份有限公司,萬企,True,1,57.2,50.0,51.3,47.1
1356,6508,vy60gwg,惠光股份有限公司,惠光,True,10,73.2,64.7,57.4,47.1
145,1598,awt21ew,岱宇國際股份有限公司,岱宇,True,26,85.4,59.4,53.8,47.1
1695,9944,fbz5k7c,新麗企業股份有限公司,新麗,True,45,95.4,58.3,56.5,47.1
1565,8110,a5ifm8w,"華東科技股份有限公司(Walton Advanced Engineering, Inc.)",華東,True,11,193.8,58.2,55.0,47.1
774,3548,cl1dkxk,兆利科技工業股份有限公司,兆利,True,54,94.0,66.5,63.1,47.1
116,1527,9n07neo,鑽全實業股份有限公司,鑽全,True,42,81.5,54.8,57.6,47.1
249,2064,e5t6zyw,晉椿工業股份有限公司,晉椿,True,12,97.9,52.4,52.6,47.0
86,1460,ahd8wpk,宏遠興業股份有限公司,宏遠,True,31,72.4,55.1,52.2,47.0
1028,5015,5qmxoc8,華祺工業股份有限公司,華祺,True,7,97.9,64.2,57.6,47.0
78,1451,a88s8fs,年興紡織股份有限公司,年興,True,9,72.4,61.1,51.8,47.0
1638,8489,d2ebcoo,三貝德數位文創股份有限公司,三貝德,True,22,95.4,64.6,57.5,47.0
427,2516,5ej3a68,新亞建設開發股份有限公司,新建,True,122,105.5,70.4,62.0,46.9
1316,6405,ck5nji8,悅城科技股份有限公司,悅城,True,2,90.6,56.0,53.7,46.9
379,2444,154zfer4,兆勁科技股份有限公司,兆勁,True,28,101.1,52.5,51.6,46.8
354,2413,oaip6pc,環隆科技股份有限公司,環科,True,32,94.0,55.4,54.7,46.7
909,4440,1a2x6bj28o,宜新實業股份有限公司,宜新實業,True,2,72.4,61.2,50.7,46.7
699,3339,wihdikw,泰谷光電科技股份有限公司,泰谷,True,17,90.6,56.2,55.7,46.7
1599,8342,abzdhg8,益張實業股份有限公司,益張,True,8,95.4,66.4,57.9,46.6
584,3044,13ok8whk,健鼎科技股份有限公司,健鼎,True,66,94.0,104.9,70.9,46.6
47,1325,59ghjuo,恒大股份有限公司,恆大,True,8,111.7,50.2,50.6,46.5
87,1463,3jlbpug,強盛新股份有限公司,強盛,True,1,72.4,53.1,51.5,46.5
874,4155,cm1cyf4,訊映光電股份有限公司,訊映,True,0,88.8,75.3,63.6,46.5
927,4540,dee6w3s,全球傳動科技股份有限公司,全球傳動,True,16,81.5,53.7,52.2,46.5
364,2426,ab0ptk0,鼎元光電科技股份有限公司,鼎元,True,39,90.6,53.9,56.9,46.5
924,4535,agz9b2w,至興精機股份有限公司,至興,True,11,81.5,47.3,51.3,46.4
1168,6108,gkrz7c8,競國實業股份有限公司,競國,False,0,94.0,52.8,49.8,46.3
938,4558,anukllk,寶緯工業股份有限公司,寶緯,True,0,81.5,48.1,57.0,46.3
800,3607,ar8arbc,谷崧精密工業股份有限公司,谷崧,True,0,94.0,64.1,59.6,46.3
1650,8929,e68eim8,富堡工業股份有限公司,富堡,True,30,95.4,53.9,51.0,46.3
1579,8183,b0o06ko,台灣精星科技股份有限公司,精星,True,22,134.7,81.8,61.2,46.3
1186,6128,q0h9n28,上福全球科技股份有限公司,上福,True,8,138.1,63.5,56.3,46.3
1596,8291,7jqt4u0,尚茂電子材料股份有限公司,尚茂,True,0,94.0,50.7,50.2,46.3
25,1236,fo1vcy8,宏亞食品股份有限公司,宏亞,True,55,84.8,50.3,52.7,46.2
926,4538,rojbg1c,大詠城機械股份有限公司,大詠城,True,6,81.5,57.4,51.8,46.2
152,1611,1f1bpm0,中國電器股份有限公司,中電,False,0,88.7,57.1,46.2,46.2
118,1529,fpse1n4,樂事綠能科技股份有限公司,樂事綠能,True,19,81.5,57.2,48.4,46.1
1042,5228,13tbbkog,鈺鎧科技股份有限公司,鈺鎧,True,7,94.0,54.5,53.8,46.1
688,3311,5y9pe6w,閎暉實業股份有限公司,閎暉,True,13,101.1,56.1,67.7,46.1
923,4534,12ochwrk,慶騰精密科技股份有限公司,慶騰,True,7,81.5,45.2,50.9,46.1
942,4564,akoze6g,元翎精密工業股份有限公司,元翎,True,11,81.5,45.1,51.9,46.1
1377,6552,yxbtas0,易華電子股份有限公司,易華電,True,14,193.8,45.2,49.0,46.0
1300,6275,a87u9g0,元山科技工業股份有限公司,元山,True,43,94.0,61.3,58.2,46.0
181,1733,7erhs34,五鼎生物技術股份有限公司,五鼎,True,12,88.8,55.4,58.7,45.9
144,1597,7p3qy7s,直得科技股份有限公司,直得,True,30,81.5,60.6,55.3,45.9
374,2438,5ohnxlc,翔耀實業股份有限公司,翔耀,True,14,90.6,63.7,51.5,45.9
1253,6209,q0ymjz4,今國光學工業股份有限公司,今國光,True,31,90.6,48.0,50.4,45.9
24,1235,13byqhps,興泰實業股份有限公司,興泰,True,0,84.8,38.1,43.4,45.9
977,4760,d76alps,勤凱科技股份有限公司,勤凱科技,True,7,134.7,53.6,52.9,45.9
1322,6417,7r47hmg,韋僑科技股份有限公司,韋僑,True,24,101.1,56.8,57.6,45.8
474,2702,ypmtwvc,華園飯店股份有限公司,華園,True,6,57.2,55.4,55.1,45.8
911,4503,r82esmo,金雨企業股份有限公司,金雨,True,47,81.5,46.2,49.7,45.8
234,2027,a93rnj4,大成不銹鋼工業股份有限公司,大成鋼,True,9,97.9,49.1,48.0,45.8
1146,5703,5kuisy0,麗緻餐旅集團_亞都麗緻大飯店股份有限公司,亞都麗緻,True,56,57.2,48.2,46.4,45.7
66,1437,gbozduh,勤益投資控股股份有限公司,勤益控,True,0,95.4,373.0,77.2,45.5
1081,5356,g6mi2h4,協益電子股份有限公司,協益,True,15,138.1,60.7,52.6,45.4
1222,6174,a5i1r0o,安碁科技股份有限公司,安碁,True,22,94.0,50.9,50.7,45.3
56,1414,xlmbpt4,東和紡織股份有限公司,東和,True,6,72.4,46.9,48.7,45.3
477,2706,5bn64ug,第一華僑大飯店股份有限公司,第一店,True,7,57.2,47.0,45.6,45.2
1017,4979,5xsop3c,華星光通科技股份有限公司,華星光,True,22,101.1,60.3,55.0,45.1
1207,6155,a8whs28,鈞寶電子工業股份有限公司,鈞寶,True,3,94.0,47.9,49.4,45.0
291,2316,yxcf9o8,楠梓電子股份有限公司,楠梓電,True,49,94.0,47.2,49.5,45.0
1687,9935,r712t54,慶豐富實業股份有限公司,慶豐富,True,45,80.9,57.1,53.0,45.0
180,1732,fqcstsw,毛寶股份有限公司,毛寶,True,9,90.9,53.6,52.4,45.0
1574,8162,adfa1yw,微矽電子股份有限公司,微矽電子-創,True,48,193.8,52.1,51.1,44.9
972,4744,10uxtvug,皇將科技股份有限公司,皇將,True,4,88.8,69.2,48.3,44.9
1198,6144,152hlj00,TSUTAYA BOOKSTORE 蔦屋_得利影視股份有限公司,得利影,True,11,122.0,45.8,55.6,44.7
73,1444,3iqiweo,力麗企業股份有限公司,力麗,True,29,72.4,50.1,51.3,44.6
479,2712,b0onke8,遠雄悅來大飯店股份有限公司,遠雄來,True,14,57.2,53.7,55.1,44.6
1699,9950,xtxy0wo,萬國通路股份有限公司,萬國通,True,12,111.7,51.6,50.0,44.6
893,4304,5pafwcg,勝昱科技股份有限公司,勝昱,True,32,111.7,54.1,41.8,44.5
1082,5364,auk1tm8,力麗觀光開發股份有限公司(力麗店5364),力麗店,True,55,57.2,60.0,52.8,44.5
920,4530,gnelk74,就醬子烤吧_宏易創新國際股份有限公司,宏易,True,17,57.2,38.9,48.0,44.4
897,4406,0,新昕纖維股份有限公司,新昕纖,False,0,72.4,54.5,50.2,44.2
1366,6530,603xdhs,創威光電股份有限公司,創威,True,12,101.1,66.6,55.8,44.2
1059,5291,12ykqc8w,邑昇實業股份有限公司,邑昇,True,27,94.0,58.4,51.6,44.2
481,2719,10wxf02w,台鋼燦星國際旅行社股份有限公司,燦星旅,True,38,57.2,80.2,56.7,44.2
1485,6834,12amywvs,天二科技股份有限公司,天二科技,True,6,94.0,50.5,48.3,44.2
538,2915,6gesplk,潤泰全球股份有限公司,潤泰全,True,27,67.7,68.6,57.9,44.0
228,2017,x3ts728,官田鋼鐵股份有限公司,官田鋼,True,22,97.9,48.7,50.6,44.0
141,1587,b3isfog,吉茂精密股份有限公司,吉茂,True,1,86.6,57.8,46.9,43.9
892,4303,x4ha5jc,信立化學工業股份有限公司,信立,True,0,111.7,65.2,51.2,43.9
1040,5220,10sey8iw,萬達光電科技股份有限公司,萬達光電,True,4,90.6,53.9,51.5,43.8
1080,5355,alfd4rk,佳總興業股份有限公司,佳總,True,15,94.0,49.4,46.8,43.8
1362,6517,pch6ys8,保勝光學股份有限公司,保勝光學,True,10,90.6,52.1,52.8,43.8
126,1538,kncowhc,正峰工業股份有限公司,正峰,True,3,81.5,74.9,59.4,43.7
67,1438,1a2x6biuo5,三地開發地產股份有限公司,三地開發,True,7,105.5,95.5,46.7,43.6
1018,4987,12nqi3d4,科誠股份有限公司,科誠,True,13,138.1,61.3,54.5,43.6
1276,6234,aw5oe14,高僑自動化科技股份有限公司,高僑,True,16,90.6,68.3,61.6,43.5
936,4555,a8tjn2o,台灣氣立股份有限公司,氣立,True,19,81.5,55.7,50.2,43.5
1206,6154,15878a88,順發電腦股份有限公司,順發,True,83,110.9,44.3,48.2,43.4
1696,9945,5krm0kg,潤泰創新國際股份有限公司,潤泰新,True,15,95.4,105.4,67.9,43.4
107,1515,pm5kqn4,力山工業股份有限公司,力山,True,15,81.5,63.0,52.4,43.4
798,3597,a8who7c,映興電子股份有限公司,映興,True,10,94.0,46.7,50.0,43.3
140,1586,13ykzedk,和勤精機股份有限公司,和勤,True,18,81.5,55.8,52.7,43.1
744,3494,wixfqxs,誠研科技股份有限公司,誠研,True,16,138.1,94.1,58.9,43.1
753,3516,13p2pm9s,亞帝歐光電股份有限公司,亞帝歐,True,8,90.6,54.0,49.7,42.9
1392,6584,gntic9s,南俊國際股份有限公司,南俊國際,True,22,94.0,51.4,48.1,42.7
1330,6441,1a2x6bia3t,廣錠科技股份有限公司,廣錠,True,23,138.1,79.6,51.1,42.7
408,2485,5nr8xhc,兆赫電子股份有限公司,兆赫,True,16,101.1,56.4,58.1,42.6
406,2483,o8fu6n4,百容電子股份有限公司,百容,True,47,94.0,51.5,50.1,42.6
281,2254,1a2x6bmd69,巨鎧精密工業股份有限公司,巨鎧精密-創,True,9,86.6,52.8,46.7,42.6
1653,8932,ghl6eh4,智通科創股份有限公司,智通,True,13,95.4,62.9,48.4,42.6
905,4430,r4423fk,耀億工業股份有限公司,耀億,True,16,95.4,55.6,49.2,42.6
1551,8088,12xlzs6o,品安科技股份有限公司,品安,False,0,193.8,54.7,53.7,42.5
997,4931,wjpkqj4,新盛力科技股份有限公司,新盛力,True,10,138.1,54.8,53.3,42.4
544,2947,dd51fwg,振宇五金股份有限公司,振宇五金,True,86,80.9,43.1,47.3,42.3
810,3629,5xbdda0,地心引力股份有限公司,地心引力,True,1,122.0,107.5,58.7,42.3
1657,8937,uh4d0q0,合騏工業股份有限公司,合騏,True,1,95.4,50.6,43.9,42.2
965,4729,crrfibk,熒茂光學股份有限公司,熒茂,True,15,90.6,52.9,50.2,42.2
1196,6142,a5hm7ls,友勁科技股份有限公司,友勁,True,23,101.1,60.3,58.2,42.2
495,2754,1a2x6biyoj,日商_亞洲藏壽司股份有限公司,亞洲藏壽司,True,100,57.2,32.8,62.0,42.1
663,3252,130f4uw0,海灣國際開發股份有限公司,海灣,True,19,57.2,59.9,42.0,42.0
654,3226,a717h4o,至寶光電股份有限公司,至寶電,True,16,81.5,47.4,50.2,41.9
272,2221,q0barq0,大甲永和機械工業股份有限公司,大甲,True,4,95.4,51.7,51.2,41.9
1649,8928,13c8bf5k,鉅明股份有限公司,鉅明,True,17,85.4,41.8,44.6,41.9
1128,5521,1e317hc,工信工程股份有限公司,工信,True,41,105.5,58.8,55.7,41.7
135,1570,gnkf1v4,力肯實業股份有限公司,力肯,True,7,81.5,53.9,54.6,41.6
583,3043,abvglow,科風股份有限公司,科風,True,14,134.7,55.2,51.1,41.5
930,4543,a7ct2b4,萬在工業股份有限公司,萬在,True,9,81.5,49.7,46.6,41.3
129,1541,aohilpk,錩泰工業股份有限公司,錩泰,True,15,81.5,47.6,48.5,41.3
542,2941,1a2x6bif1w,米斯特國際企業股份有限公司,米斯特,True,183,80.9,35.2,44.8,41.1
278,2235,abrz034,謚源實業股份有限公司,謚源,True,6,81.5,51.6,47.1,41.0
902,4419,13kcas3s,皇家國際美食股份有限公司,皇家美食,True,8,57.2,98.4,43.5,40.9
127,1539,o6o6xaw,巨庭機械股份有限公司,巨庭,True,0,81.5,48.9,46.1,40.9
1549,8085,5fkkfm8,福華電子股份有限公司,福華,True,0,134.7,51.0,48.2,40.8
142,1593,18rcp7go,祺驊股份有限公司,祺驊,True,2,85.4,65.8,54.4,40.7
747,3501,10vk3a5k,維熹科技股份有限公司,維熹,True,18,94.0,65.5,55.7,40.4
1626,8450,18l2zs14,霹靂國際多媒體股份有限公司,霹靂,True,59,122.0,59.2,46.6,40.3
1069,5315,a5i0dmw,光聯科技股份有限公司,光聯,True,8,90.6,49.0,48.2,40.2
1640,8906,fi1bx5c,花王企業股份有限公司,花王,True,0,95.4,61.5,53.5,40.2
1103,5464,152gj174,霖宏科技股份有限公司,霖宏,True,1,94.0,42.4,42.8,40.1
115,1526,53khne8,日馳企業股份有限公司,日馳,True,16,81.5,64.8,54.4,40.1
85,1459,fgkf65s,聯發紡織纖維股份有限公司,聯發,True,3,72.4,61.1,44.9,39.4
1145,5701,a88187s,劍湖山世界股份有限公司,劍湖山,True,36,57.2,46.9,44.9,39.1
1156,5905,at1qym8,南仁湖育樂股份有限公司,南仁湖,True,85,57.2,44.2,40.6,38.8
1654,8933,18sl0xg8,愛地雅工業股份有限公司,愛地雅,True,6,85.4,46.7,43.0,38.7
1004,4946,cyqrvu0,紅心辣椒娛樂科技股份有限公司,辣椒,True,12,122.0,87.6,66.3,38.5
246,2061,1507cmeo,風青實業股份有限公司,風青,False,0,88.7,92.3,41.6,38.4
10,1213,g31s0uw,大西洋飲料股份有限公司,大飲,True,21,84.8,43.6,39.8,38.3
487,2736,0,富野大飯店股份有限公司,富野,False,0,57.2,47.9,42.1,37.9
1536,8067,ap49bh4,志旭國際股份有限公司,志旭,True,6,110.9,62.2,44.3,37.9
543,2945,1a2x6bkjt0,美廉社_三商家購股份有限公司,三商家購,True,823,67.7,37.0,44.7,37.5
845,3713,1a2x6bl63u,新晶投資控股股份有限公司,新晶投控,True,8,95.1,143.8,47.9,37.3
394,2466,fs29ho0,冠西電子企業股份有限公司,冠西電,True,6,90.6,60.0,53.8,36.0
482,2722,15333hnk,采鈺科技股份有限公司,夏都,False,0,57.2,54.7,48.4,35.0
109,1517,r3w11kg,利奇機械工業股份有限公司,利奇,True,15,81.5,37.2,39.5,34.5
1033,5205,at75pf4,中茂能資系統整合科技股份有限公司,中茂,True,0,95.1,78.7,38.9,33.7
367,2429,5lv9aig,銘旺科技股份有限公司,銘旺科,True,11,90.6,75.9,43.7,33.3
